Kernel,Sigma,Min Accuracy,Max Accuracy,Average Accuracy
gaussian_kernel,0.001,0.6815,0.7033,0.6946
gaussian_kernel,0.006,0.7348,0.7543,0.7422
gaussian_kernel,0.011,0.7481,0.7685,0.7579
gaussian_kernel,0.016,0.7611,0.7793,0.7714
gaussian_kernel,0.021,0.7687,0.7935,0.7824
gaussian_kernel,0.026,0.7763,0.8011,0.7907
gaussian_kernel,0.031,0.7818,0.8098,0.7972
gaussian_kernel,0.036,0.7861,0.8185,0.8057
gaussian_kernel,0.041,0.7883,0.8261,0.8116
gaussian_kernel,0.046,0.7926,0.8272,0.8135
gaussian_kernel,0.051,0.7959,0.8326,0.8192
gaussian_kernel,0.056,0.8013,0.8413,0.8255
gaussian_kernel,0.061,0.8143,0.8511,0.8313
gaussian_kernel,0.066,0.8165,0.8587,0.8357
gaussian_kernel,0.071,0.8284,0.8630,0.8440
gaussian_kernel,0.076,0.8328,0.8652,0.8474
gaussian_kernel,0.081,0.8426,0.8696,0.8531
gaussian_kernel,0.086,0.8480,0.8783,0.8596
gaussian_kernel,0.091,0.8512,0.8859,0.8648
gaussian_kernel,0.096,0.8578,0.8902,0.8720
gaussian_kernel,0.101,0.8664,0.8935,0.8776
gaussian_kernel,0.106,0.8675,0.8946,0.8805
gaussian_kernel,0.111,0.8697,0.8989,0.8839
gaussian_kernel,0.116,0.8740,0.9043,0.8874
gaussian_kernel,0.121,0.8761,0.9076,0.8898
gaussian_kernel,0.126,0.8762,0.9076,0.8911
gaussian_kernel,0.131,0.8806,0.9098,0.8944
gaussian_kernel,0.136,0.8827,0.9109,0.8965
gaussian_kernel,0.141,0.8849,0.9120,0.8983
gaussian_kernel,0.146,0.8871,0.9141,0.8996
gaussian_kernel,0.151,0.8871,0.9163,0.9009
gaussian_kernel,0.156,0.8903,0.9163,0.9020
gaussian_kernel,0.161,0.8914,0.9163,0.9031
gaussian_kernel,0.166,0.8914,0.9163,0.9033
gaussian_kernel,0.171,0.8914,0.9185,0.9044
gaussian_kernel,0.176,0.8914,0.9174,0.9048
gaussian_kernel,0.181,0.8925,0.9196,0.9057
gaussian_kernel,0.186,0.8925,0.9217,0.9065
gaussian_kernel,0.191,0.8914,0.9217,0.9065
gaussian_kernel,0.196,0.8914,0.9207,0.9061
gaussian_kernel,0.201,0.8925,0.9207,0.9063
gaussian_kernel,0.206,0.8936,0.9207,0.9065
gaussian_kernel,0.211,0.8936,0.9217,0.9070
gaussian_kernel,0.216,0.8936,0.9217,0.9070
gaussian_kernel,0.221,0.8936,0.9228,0.9074
gaussian_kernel,0.226,0.8947,0.9228,0.9078
gaussian_kernel,0.231,0.8936,0.9239,0.9083
gaussian_kernel,0.236,0.8936,0.9261,0.9087
gaussian_kernel,0.241,0.8936,0.9261,0.9092
gaussian_kernel,0.246,0.8947,0.9250,0.9092
gaussian_kernel,0.251,0.8947,0.9239,0.9094
gaussian_kernel,0.256,0.8947,0.9250,0.9096
gaussian_kernel,0.261,0.8936,0.9261,0.9096
gaussian_kernel,0.266,0.8936,0.9261,0.9096
gaussian_kernel,0.271,0.8936,0.9261,0.9094
gaussian_kernel,0.276,0.8936,0.9261,0.9094
gaussian_kernel,0.281,0.8936,0.9261,0.9098
gaussian_kernel,0.286,0.8936,0.9261,0.9098
gaussian_kernel,0.291,0.8958,0.9250,0.9100
gaussian_kernel,0.296,0.8969,0.9250,0.9102
gaussian_kernel,0.301,0.8969,0.9261,0.9105
gaussian_kernel,0.306,0.8969,0.9261,0.9105
gaussian_kernel,0.311,0.8969,0.9272,0.9107
gaussian_kernel,0.316,0.8969,0.9272,0.9111
gaussian_kernel,0.321,0.8969,0.9272,0.9111
gaussian_kernel,0.326,0.8969,0.9272,0.9111
gaussian_kernel,0.331,0.8979,0.9261,0.9109
gaussian_kernel,0.336,0.8979,0.9261,0.9109
gaussian_kernel,0.341,0.8979,0.9261,0.9113
gaussian_kernel,0.346,0.8979,0.9261,0.9111
gaussian_kernel,0.351,0.8979,0.9261,0.9111
gaussian_kernel,0.356,0.8990,0.9250,0.9111
gaussian_kernel,0.361,0.8990,0.9250,0.9111
gaussian_kernel,0.366,0.8990,0.9261,0.9113
gaussian_kernel,0.371,0.9001,0.9261,0.9115
gaussian_kernel,0.376,0.9001,0.9272,0.9118
gaussian_kernel,0.381,0.9001,0.9283,0.9120
gaussian_kernel,0.386,0.9001,0.9283,0.9120
gaussian_kernel,0.391,0.9001,0.9283,0.9120
gaussian_kernel,0.396,0.9001,0.9283,0.9120
gaussian_kernel,0.401,0.9001,0.9283,0.9122
gaussian_kernel,0.406,0.9012,0.9283,0.9124
gaussian_kernel,0.411,0.9012,0.9272,0.9122
gaussian_kernel,0.416,0.9034,0.9283,0.9128
gaussian_kernel,0.421,0.9045,0.9293,0.9133
gaussian_kernel,0.426,0.9045,0.9283,0.9133
gaussian_kernel,0.431,0.9045,0.9283,0.9133
gaussian_kernel,0.436,0.9045,0.9293,0.9135
gaussian_kernel,0.441,0.9045,0.9293,0.9135
gaussian_kernel,0.446,0.9045,0.9293,0.9139
gaussian_kernel,0.451,0.9045,0.9293,0.9139
gaussian_kernel,0.456,0.9045,0.9293,0.9139
gaussian_kernel,0.461,0.9045,0.9304,0.9144
gaussian_kernel,0.466,0.9045,0.9304,0.9146
gaussian_kernel,0.471,0.9034,0.9283,0.9139
gaussian_kernel,0.476,0.9034,0.9283,0.9139
gaussian_kernel,0.481,0.9034,0.9283,0.9139
gaussian_kernel,0.486,0.9055,0.9283,0.9144
gaussian_kernel,0.491,0.9055,0.9272,0.9142
gaussian_kernel,0.496,0.9055,0.9272,0.9144
gaussian_kernel,0.501,0.9055,0.9272,0.9144
gaussian_kernel,0.506,0.9055,0.9272,0.9144
gaussian_kernel,0.511,0.9055,0.9272,0.9144
gaussian_kernel,0.516,0.9055,0.9283,0.9148
gaussian_kernel,0.521,0.9066,0.9283,0.9150
gaussian_kernel,0.526,0.9077,0.9261,0.9148
gaussian_kernel,0.531,0.9099,0.9272,0.9157
gaussian_kernel,0.536,0.9099,0.9272,0.9157
gaussian_kernel,0.541,0.9099,0.9261,0.9155
gaussian_kernel,0.546,0.9110,0.9250,0.9155
gaussian_kernel,0.551,0.9088,0.9250,0.9152
gaussian_kernel,0.556,0.9088,0.9250,0.9152
gaussian_kernel,0.561,0.9088,0.9250,0.9150
gaussian_kernel,0.566,0.9088,0.9250,0.9146
gaussian_kernel,0.571,0.9088,0.9228,0.9142
gaussian_kernel,0.576,0.9077,0.9228,0.9142
gaussian_kernel,0.581,0.9066,0.9239,0.9144
gaussian_kernel,0.586,0.9066,0.9217,0.9139
gaussian_kernel,0.591,0.9066,0.9217,0.9142
gaussian_kernel,0.596,0.9066,0.9217,0.9142
gaussian_kernel,0.601,0.9077,0.9217,0.9142
gaussian_kernel,0.606,0.9077,0.9228,0.9144
gaussian_kernel,0.611,0.9077,0.9228,0.9146
gaussian_kernel,0.616,0.9077,0.9228,0.9146
gaussian_kernel,0.621,0.9077,0.9217,0.9142
gaussian_kernel,0.626,0.9077,0.9217,0.9139
gaussian_kernel,0.631,0.9066,0.9196,0.9133
gaussian_kernel,0.636,0.9055,0.9207,0.9128
gaussian_kernel,0.641,0.9055,0.9207,0.9135
gaussian_kernel,0.646,0.9045,0.9196,0.9135
gaussian_kernel,0.651,0.9045,0.9207,0.9139
gaussian_kernel,0.656,0.9045,0.9207,0.9135
gaussian_kernel,0.661,0.9034,0.9207,0.9128
gaussian_kernel,0.666,0.9023,0.9207,0.9124
gaussian_kernel,0.671,0.9012,0.9207,0.9122
gaussian_kernel,0.676,0.8990,0.9207,0.9118
gaussian_kernel,0.681,0.8990,0.9207,0.9115
gaussian_kernel,0.686,0.8990,0.9217,0.9120
gaussian_kernel,0.691,0.8990,0.9228,0.9122
gaussian_kernel,0.696,0.8979,0.9228,0.9120
gaussian_kernel,0.701,0.8979,0.9228,0.9122
gaussian_kernel,0.706,0.8979,0.9239,0.9124
gaussian_kernel,0.711,0.8990,0.9239,0.9124
gaussian_kernel,0.716,0.8990,0.9239,0.9128
gaussian_kernel,0.721,0.8990,0.9239,0.9126
gaussian_kernel,0.726,0.8990,0.9239,0.9126
gaussian_kernel,0.731,0.8990,0.9239,0.9126
gaussian_kernel,0.736,0.8990,0.9239,0.9124
gaussian_kernel,0.741,0.8979,0.9239,0.9120
gaussian_kernel,0.746,0.8979,0.9228,0.9120
gaussian_kernel,0.751,0.8979,0.9228,0.9120
gaussian_kernel,0.756,0.8979,0.9217,0.9115
gaussian_kernel,0.761,0.8979,0.9217,0.9115
gaussian_kernel,0.766,0.8990,0.9228,0.9118
gaussian_kernel,0.771,0.8990,0.9228,0.9118
gaussian_kernel,0.776,0.8990,0.9228,0.9118
gaussian_kernel,0.781,0.8990,0.9228,0.9118
gaussian_kernel,0.786,0.8990,0.9228,0.9118
gaussian_kernel,0.791,0.8990,0.9228,0.9115
gaussian_kernel,0.796,0.8979,0.9228,0.9113
gaussian_kernel,0.801,0.8979,0.9228,0.9113
gaussian_kernel,0.806,0.8979,0.9228,0.9115
gaussian_kernel,0.811,0.8979,0.9228,0.9113
gaussian_kernel,0.816,0.8958,0.9228,0.9107
gaussian_kernel,0.821,0.8958,0.9228,0.9107
gaussian_kernel,0.826,0.8969,0.9228,0.9109
gaussian_kernel,0.831,0.8958,0.9228,0.9107
gaussian_kernel,0.836,0.8947,0.9217,0.9100
gaussian_kernel,0.841,0.8936,0.9217,0.9098
gaussian_kernel,0.846,0.8947,0.9217,0.9100
gaussian_kernel,0.851,0.8936,0.9217,0.9096
gaussian_kernel,0.856,0.8936,0.9217,0.9096
gaussian_kernel,0.861,0.8936,0.9217,0.9094
gaussian_kernel,0.866,0.8936,0.9217,0.9094
gaussian_kernel,0.871,0.8936,0.9217,0.9094
gaussian_kernel,0.876,0.8947,0.9228,0.9096
gaussian_kernel,0.881,0.8936,0.9228,0.9092
gaussian_kernel,0.886,0.8936,0.9250,0.9089
gaussian_kernel,0.891,0.8936,0.9239,0.9087
gaussian_kernel,0.896,0.8936,0.9239,0.9087
gaussian_kernel,0.901,0.8936,0.9250,0.9089
gaussian_kernel,0.906,0.8936,0.9239,0.9087
gaussian_kernel,0.911,0.8936,0.9217,0.9083
gaussian_kernel,0.916,0.8936,0.9217,0.9083
gaussian_kernel,0.921,0.8936,0.9185,0.9078
gaussian_kernel,0.926,0.8936,0.9185,0.9081
gaussian_kernel,0.931,0.8947,0.9185,0.9081
gaussian_kernel,0.936,0.8947,0.9185,0.9081
gaussian_kernel,0.941,0.8936,0.9185,0.9076
gaussian_kernel,0.946,0.8936,0.9185,0.9074
gaussian_kernel,0.951,0.8936,0.9185,0.9076
gaussian_kernel,0.956,0.8936,0.9185,0.9076
gaussian_kernel,0.961,0.8936,0.9196,0.9078
gaussian_kernel,0.966,0.8914,0.9196,0.9076
gaussian_kernel,0.971,0.8914,0.9207,0.9078
gaussian_kernel,0.976,0.8903,0.9196,0.9072
gaussian_kernel,0.981,0.8882,0.9196,0.9065
gaussian_kernel,0.986,0.8882,0.9207,0.9068
gaussian_kernel,0.991,0.8882,0.9207,0.9068
gaussian_kernel,0.996,0.8882,0.9196,0.9063
gaussian_kernel,1.001,0.8882,0.9196,0.9059
gaussian_kernel,1.006,0.8882,0.9196,0.9059
gaussian_kernel,1.011,0.8871,0.9196,0.9059
gaussian_kernel,1.016,0.8871,0.9196,0.9057
gaussian_kernel,1.021,0.8871,0.9196,0.9055
gaussian_kernel,1.026,0.8871,0.9185,0.9055
gaussian_kernel,1.031,0.8871,0.9185,0.9055
gaussian_kernel,1.036,0.8860,0.9185,0.9055
gaussian_kernel,1.041,0.8860,0.9196,0.9052
gaussian_kernel,1.046,0.8871,0.9185,0.9052
gaussian_kernel,1.051,0.8871,0.9163,0.9046
gaussian_kernel,1.056,0.8871,0.9152,0.9039
gaussian_kernel,1.061,0.8860,0.9163,0.9037
gaussian_kernel,1.066,0.8849,0.9163,0.9033
gaussian_kernel,1.071,0.8849,0.9163,0.9033
gaussian_kernel,1.076,0.8849,0.9141,0.9026
gaussian_kernel,1.081,0.8838,0.9130,0.9022
gaussian_kernel,1.086,0.8827,0.9130,0.9015
gaussian_kernel,1.091,0.8838,0.9130,0.9011
gaussian_kernel,1.096,0.8817,0.9130,0.9002
gaussian_kernel,1.101,0.8817,0.9130,0.8996
gaussian_kernel,1.106,0.8806,0.9141,0.8992
gaussian_kernel,1.111,0.8806,0.9152,0.8989
gaussian_kernel,1.116,0.8806,0.9152,0.8985
gaussian_kernel,1.121,0.8806,0.9152,0.8983
gaussian_kernel,1.126,0.8817,0.9152,0.8981
gaussian_kernel,1.131,0.8817,0.9152,0.8974
gaussian_kernel,1.136,0.8817,0.9130,0.8970
gaussian_kernel,1.141,0.8806,0.9120,0.8961
gaussian_kernel,1.146,0.8806,0.9120,0.8955
gaussian_kernel,1.151,0.8806,0.9130,0.8952
gaussian_kernel,1.156,0.8795,0.9130,0.8948
gaussian_kernel,1.161,0.8795,0.9120,0.8946
gaussian_kernel,1.166,0.8784,0.9120,0.8944
gaussian_kernel,1.171,0.8784,0.9109,0.8937
gaussian_kernel,1.176,0.8784,0.9109,0.8937
gaussian_kernel,1.181,0.8784,0.9109,0.8937
gaussian_kernel,1.186,0.8784,0.9109,0.8926
gaussian_kernel,1.191,0.8773,0.9087,0.8913
gaussian_kernel,1.196,0.8773,0.9076,0.8911
gaussian_kernel,1.201,0.8773,0.9076,0.8909
gaussian_kernel,1.206,0.8773,0.9065,0.8902
gaussian_kernel,1.211,0.8773,0.9065,0.8902
gaussian_kernel,1.216,0.8773,0.9065,0.8902
gaussian_kernel,1.221,0.8762,0.9065,0.8898
gaussian_kernel,1.226,0.8762,0.9065,0.8894
gaussian_kernel,1.231,0.8751,0.9054,0.8887
gaussian_kernel,1.236,0.8730,0.9054,0.8883
gaussian_kernel,1.241,0.8719,0.9043,0.8876
gaussian_kernel,1.246,0.8708,0.9054,0.8872
gaussian_kernel,1.251,0.8697,0.9054,0.8863
gaussian_kernel,1.256,0.8697,0.9054,0.8861
gaussian_kernel,1.261,0.8697,0.9065,0.8859
gaussian_kernel,1.266,0.8686,0.9065,0.8852
gaussian_kernel,1.271,0.8686,0.9065,0.8848
gaussian_kernel,1.276,0.8697,0.9065,0.8852
gaussian_kernel,1.281,0.8697,0.9065,0.8850
gaussian_kernel,1.286,0.8697,0.9065,0.8842
gaussian_kernel,1.291,0.8675,0.9065,0.8835
gaussian_kernel,1.296,0.8664,0.9076,0.8835
gaussian_kernel,1.301,0.8664,0.9076,0.8831
gaussian_kernel,1.306,0.8664,0.9076,0.8829
gaussian_kernel,1.311,0.8621,0.9076,0.8816
gaussian_kernel,1.316,0.8599,0.9076,0.8811
gaussian_kernel,1.321,0.8588,0.9076,0.8805
gaussian_kernel,1.326,0.8588,0.9076,0.8800
gaussian_kernel,1.331,0.8599,0.9054,0.8798
gaussian_kernel,1.336,0.8599,0.9054,0.8798
gaussian_kernel,1.341,0.8599,0.9033,0.8792
gaussian_kernel,1.346,0.8599,0.9033,0.8787
gaussian_kernel,1.351,0.8578,0.9033,0.8783
gaussian_kernel,1.356,0.8534,0.9022,0.8770
gaussian_kernel,1.361,0.8534,0.9000,0.8755
gaussian_kernel,1.366,0.8534,0.9011,0.8757
gaussian_kernel,1.371,0.8534,0.8978,0.8748
gaussian_kernel,1.376,0.8545,0.8967,0.8746
gaussian_kernel,1.381,0.8545,0.8967,0.8748
gaussian_kernel,1.386,0.8545,0.8967,0.8748
gaussian_kernel,1.391,0.8545,0.8967,0.8744
gaussian_kernel,1.396,0.8545,0.8967,0.8742
gaussian_kernel,1.401,0.8534,0.8967,0.8735
gaussian_kernel,1.406,0.8534,0.8967,0.8731
gaussian_kernel,1.411,0.8523,0.8967,0.8722
gaussian_kernel,1.416,0.8512,0.8967,0.8720
gaussian_kernel,1.421,0.8512,0.8957,0.8716
gaussian_kernel,1.426,0.8512,0.8957,0.8707
gaussian_kernel,1.431,0.8512,0.8957,0.8705
gaussian_kernel,1.436,0.8502,0.8946,0.8700
gaussian_kernel,1.441,0.8491,0.8946,0.8698
gaussian_kernel,1.446,0.8491,0.8946,0.8698
gaussian_kernel,1.451,0.8491,0.8935,0.8694
gaussian_kernel,1.456,0.8469,0.8913,0.8674
gaussian_kernel,1.461,0.8469,0.8913,0.8674
gaussian_kernel,1.466,0.8469,0.8902,0.8672
gaussian_kernel,1.471,0.8469,0.8902,0.8668
gaussian_kernel,1.476,0.8458,0.8902,0.8663
gaussian_kernel,1.481,0.8447,0.8902,0.8659
gaussian_kernel,1.486,0.8458,0.8891,0.8650
gaussian_kernel,1.491,0.8436,0.8891,0.8639
gaussian_kernel,1.496,0.8436,0.8891,0.8635
gaussian_kernel,1.501,0.8436,0.8870,0.8624
gaussian_kernel,1.506,0.8436,0.8870,0.8622
gaussian_kernel,1.511,0.8404,0.8870,0.8607
gaussian_kernel,1.516,0.8415,0.8859,0.8605
gaussian_kernel,1.521,0.8415,0.8848,0.8594
gaussian_kernel,1.526,0.8426,0.8848,0.8587
gaussian_kernel,1.531,0.8415,0.8848,0.8579
gaussian_kernel,1.536,0.8415,0.8826,0.8574
gaussian_kernel,1.541,0.8415,0.8783,0.8561
gaussian_kernel,1.546,0.8415,0.8783,0.8559
gaussian_kernel,1.551,0.8415,0.8783,0.8550
gaussian_kernel,1.556,0.8382,0.8761,0.8537
gaussian_kernel,1.561,0.8382,0.8750,0.8533
gaussian_kernel,1.566,0.8371,0.8750,0.8526
gaussian_kernel,1.571,0.8371,0.8739,0.8520
gaussian_kernel,1.576,0.8360,0.8739,0.8518
gaussian_kernel,1.581,0.8360,0.8717,0.8511
gaussian_kernel,1.586,0.8360,0.8717,0.8511
gaussian_kernel,1.591,0.8360,0.8696,0.8505
gaussian_kernel,1.596,0.8350,0.8674,0.8498
gaussian_kernel,1.601,0.8339,0.8685,0.8496
gaussian_kernel,1.606,0.8339,0.8663,0.8489
gaussian_kernel,1.611,0.8328,0.8663,0.8487
gaussian_kernel,1.616,0.8328,0.8652,0.8483
gaussian_kernel,1.621,0.8328,0.8641,0.8476
gaussian_kernel,1.626,0.8328,0.8641,0.8463
gaussian_kernel,1.631,0.8328,0.8641,0.8459
gaussian_kernel,1.636,0.8328,0.8641,0.8453
gaussian_kernel,1.641,0.8317,0.8609,0.8437
gaussian_kernel,1.646,0.8317,0.8609,0.8431
gaussian_kernel,1.651,0.8317,0.8598,0.8422
gaussian_kernel,1.656,0.8306,0.8609,0.8418
gaussian_kernel,1.661,0.8306,0.8609,0.8409
gaussian_kernel,1.666,0.8295,0.8587,0.8403
gaussian_kernel,1.671,0.8263,0.8576,0.8394
gaussian_kernel,1.676,0.8263,0.8576,0.8394
gaussian_kernel,1.681,0.8263,0.8576,0.8390
gaussian_kernel,1.686,0.8263,0.8565,0.8383
gaussian_kernel,1.691,0.8263,0.8565,0.8379
gaussian_kernel,1.696,0.8241,0.8554,0.8366
gaussian_kernel,1.701,0.8252,0.8554,0.8366
gaussian_kernel,1.706,0.8241,0.8554,0.8357
gaussian_kernel,1.711,0.8230,0.8554,0.8355
gaussian_kernel,1.716,0.8230,0.8554,0.8355
gaussian_kernel,1.721,0.8230,0.8543,0.8350
gaussian_kernel,1.726,0.8208,0.8554,0.8346
gaussian_kernel,1.731,0.8208,0.8554,0.8344
gaussian_kernel,1.736,0.8208,0.8543,0.8340
gaussian_kernel,1.741,0.8208,0.8533,0.8333
gaussian_kernel,1.746,0.8187,0.8533,0.8322
gaussian_kernel,1.751,0.8187,0.8533,0.8316
gaussian_kernel,1.756,0.8187,0.8533,0.8311
gaussian_kernel,1.761,0.8187,0.8533,0.8311
gaussian_kernel,1.766,0.8187,0.8533,0.8311
gaussian_kernel,1.771,0.8154,0.8522,0.8298
gaussian_kernel,1.776,0.8143,0.8522,0.8298
gaussian_kernel,1.781,0.8132,0.8533,0.8298
gaussian_kernel,1.786,0.8132,0.8511,0.8294
gaussian_kernel,1.791,0.8132,0.8511,0.8283
gaussian_kernel,1.796,0.8122,0.8500,0.8274
gaussian_kernel,1.801,0.8111,0.8500,0.8272
gaussian_kernel,1.806,0.8111,0.8500,0.8270
gaussian_kernel,1.811,0.8100,0.8500,0.8266
gaussian_kernel,1.816,0.8100,0.8500,0.8263
gaussian_kernel,1.821,0.8100,0.8511,0.8261
gaussian_kernel,1.826,0.8089,0.8500,0.8250
gaussian_kernel,1.831,0.8100,0.8489,0.8242
gaussian_kernel,1.836,0.8111,0.8489,0.8240
gaussian_kernel,1.841,0.8111,0.8489,0.8240
gaussian_kernel,1.846,0.8111,0.8478,0.8233
gaussian_kernel,1.851,0.8100,0.8478,0.8227
gaussian_kernel,1.856,0.8100,0.8467,0.8222
gaussian_kernel,1.861,0.8100,0.8467,0.8218
gaussian_kernel,1.866,0.8089,0.8467,0.8213
gaussian_kernel,1.871,0.8078,0.8457,0.8207
gaussian_kernel,1.876,0.8078,0.8457,0.8205
gaussian_kernel,1.881,0.8078,0.8457,0.8203
gaussian_kernel,1.886,0.8078,0.8446,0.8200
gaussian_kernel,1.891,0.8067,0.8446,0.8194
gaussian_kernel,1.896,0.8067,0.8446,0.8192
gaussian_kernel,1.901,0.8056,0.8446,0.8187
gaussian_kernel,1.906,0.8056,0.8446,0.8187
gaussian_kernel,1.911,0.8056,0.8446,0.8185
gaussian_kernel,1.916,0.8067,0.8435,0.8181
gaussian_kernel,1.921,0.8046,0.8435,0.8174
gaussian_kernel,1.926,0.8046,0.8435,0.8177
gaussian_kernel,1.931,0.8035,0.8435,0.8168
gaussian_kernel,1.936,0.8035,0.8424,0.8157
gaussian_kernel,1.941,0.8035,0.8424,0.8155
gaussian_kernel,1.946,0.8035,0.8424,0.8153
gaussian_kernel,1.951,0.8024,0.8424,0.8153
gaussian_kernel,1.956,0.8024,0.8424,0.8150
gaussian_kernel,1.961,0.8024,0.8413,0.8144
gaussian_kernel,1.966,0.8002,0.8413,0.8131
gaussian_kernel,1.971,0.8002,0.8413,0.8131
gaussian_kernel,1.976,0.7991,0.8402,0.8124
gaussian_kernel,1.981,0.7991,0.8391,0.8118
gaussian_kernel,1.986,0.7991,0.8391,0.8118
gaussian_kernel,1.991,0.7991,0.8391,0.8116
gaussian_kernel,1.996,0.7980,0.8391,0.8111
gaussian_kernel,2.001,0.7980,0.8391,0.8109
laplacian_kernel,0.001,0.7492,0.7674,0.7579
laplacian_kernel,0.006,0.7991,0.8348,0.8159
laplacian_kernel,0.011,0.8241,0.8576,0.8446
laplacian_kernel,0.016,0.8567,0.8924,0.8774
laplacian_kernel,0.021,0.8773,0.9076,0.8944
laplacian_kernel,0.026,0.8871,0.9174,0.9048
laplacian_kernel,0.031,0.8914,0.9217,0.9089
laplacian_kernel,0.036,0.8925,0.9261,0.9109
laplacian_kernel,0.041,0.8925,0.9283,0.9118
laplacian_kernel,0.046,0.8936,0.9283,0.9124
laplacian_kernel,0.051,0.8936,0.9304,0.9128
laplacian_kernel,0.056,0.8936,0.9293,0.9126
laplacian_kernel,0.061,0.8936,0.9293,0.9126
laplacian_kernel,0.066,0.8936,0.9293,0.9133
laplacian_kernel,0.071,0.8936,0.9304,0.9135
laplacian_kernel,0.076,0.8936,0.9304,0.9137
laplacian_kernel,0.081,0.8958,0.9304,0.9144
laplacian_kernel,0.086,0.8947,0.9304,0.9144
laplacian_kernel,0.091,0.8947,0.9293,0.9139
laplacian_kernel,0.096,0.8947,0.9283,0.9139
laplacian_kernel,0.101,0.8936,0.9283,0.9137
laplacian_kernel,0.106,0.8947,0.9283,0.9139
laplacian_kernel,0.111,0.8947,0.9283,0.9139
laplacian_kernel,0.116,0.8969,0.9283,0.9142
laplacian_kernel,0.121,0.8969,0.9283,0.9139
laplacian_kernel,0.126,0.8969,0.9293,0.9142
laplacian_kernel,0.131,0.8979,0.9283,0.9144
laplacian_kernel,0.136,0.8979,0.9283,0.9146
laplacian_kernel,0.141,0.8979,0.9283,0.9144
laplacian_kernel,0.146,0.8979,0.9272,0.9142
laplacian_kernel,0.151,0.8979,0.9272,0.9146
laplacian_kernel,0.156,0.8979,0.9283,0.9148
laplacian_kernel,0.161,0.8979,0.9283,0.9150
laplacian_kernel,0.166,0.8979,0.9272,0.9148
laplacian_kernel,0.171,0.8979,0.9283,0.9155
laplacian_kernel,0.176,0.8979,0.9293,0.9159
laplacian_kernel,0.181,0.8969,0.9283,0.9155
laplacian_kernel,0.186,0.8969,0.9283,0.9155
laplacian_kernel,0.191,0.8958,0.9283,0.9157
laplacian_kernel,0.196,0.8969,0.9283,0.9159
laplacian_kernel,0.201,0.8969,0.9283,0.9161
laplacian_kernel,0.206,0.8969,0.9293,0.9165
laplacian_kernel,0.211,0.8979,0.9304,0.9174
laplacian_kernel,0.216,0.8979,0.9326,0.9174
laplacian_kernel,0.221,0.8990,0.9337,0.9178
laplacian_kernel,0.226,0.9001,0.9337,0.9185
laplacian_kernel,0.231,0.9001,0.9337,0.9185
laplacian_kernel,0.236,0.9001,0.9326,0.9185
laplacian_kernel,0.241,0.9001,0.9315,0.9183
laplacian_kernel,0.246,0.9001,0.9315,0.9185
laplacian_kernel,0.251,0.9012,0.9326,0.9189
laplacian_kernel,0.256,0.9012,0.9326,0.9189
laplacian_kernel,0.261,0.9012,0.9326,0.9192
laplacian_kernel,0.266,0.9012,0.9337,0.9198
laplacian_kernel,0.271,0.9012,0.9348,0.9200
laplacian_kernel,0.276,0.9023,0.9348,0.9202
laplacian_kernel,0.281,0.9034,0.9359,0.9209
laplacian_kernel,0.286,0.9045,0.9359,0.9207
laplacian_kernel,0.291,0.9045,0.9359,0.9209
laplacian_kernel,0.296,0.9045,0.9359,0.9205
laplacian_kernel,0.301,0.9045,0.9359,0.9205
laplacian_kernel,0.306,0.9055,0.9348,0.9205
laplacian_kernel,0.311,0.9066,0.9348,0.9205
laplacian_kernel,0.316,0.9066,0.9348,0.9205
laplacian_kernel,0.321,0.9066,0.9348,0.9205
laplacian_kernel,0.326,0.9066,0.9348,0.9207
laplacian_kernel,0.331,0.9066,0.9359,0.9207
laplacian_kernel,0.336,0.9066,0.9359,0.9209
laplacian_kernel,0.341,0.9077,0.9359,0.9211
laplacian_kernel,0.346,0.9077,0.9359,0.9215
laplacian_kernel,0.351,0.9066,0.9359,0.9215
laplacian_kernel,0.356,0.9066,0.9359,0.9209
laplacian_kernel,0.361,0.9066,0.9337,0.9207
laplacian_kernel,0.366,0.9066,0.9337,0.9207
laplacian_kernel,0.371,0.9055,0.9337,0.9207
laplacian_kernel,0.376,0.9066,0.9337,0.9207
laplacian_kernel,0.381,0.9077,0.9337,0.9209
laplacian_kernel,0.386,0.9077,0.9337,0.9209
laplacian_kernel,0.391,0.9077,0.9337,0.9211
laplacian_kernel,0.396,0.9077,0.9326,0.9211
laplacian_kernel,0.401,0.9077,0.9326,0.9211
laplacian_kernel,0.406,0.9077,0.9326,0.9209
laplacian_kernel,0.411,0.9077,0.9326,0.9213
laplacian_kernel,0.416,0.9077,0.9326,0.9213
laplacian_kernel,0.421,0.9088,0.9326,0.9215
laplacian_kernel,0.426,0.9088,0.9326,0.9218
laplacian_kernel,0.431,0.9077,0.9337,0.9220
laplacian_kernel,0.436,0.9077,0.9337,0.9220
laplacian_kernel,0.441,0.9077,0.9337,0.9220
laplacian_kernel,0.446,0.9077,0.9337,0.9218
laplacian_kernel,0.451,0.9077,0.9326,0.9215
laplacian_kernel,0.456,0.9088,0.9315,0.9213
laplacian_kernel,0.461,0.9088,0.9315,0.9211
laplacian_kernel,0.466,0.9088,0.9315,0.9211
laplacian_kernel,0.471,0.9088,0.9315,0.9211
laplacian_kernel,0.476,0.9131,0.9326,0.9220
laplacian_kernel,0.481,0.9121,0.9326,0.9220
laplacian_kernel,0.486,0.9110,0.9315,0.9215
laplacian_kernel,0.491,0.9131,0.9315,0.9220
laplacian_kernel,0.496,0.9131,0.9315,0.9215
laplacian_kernel,0.501,0.9131,0.9315,0.9220
laplacian_kernel,0.506,0.9131,0.9326,0.9222
laplacian_kernel,0.511,0.9131,0.9337,0.9228
laplacian_kernel,0.516,0.9131,0.9337,0.9231
laplacian_kernel,0.521,0.9131,0.9337,0.9231
laplacian_kernel,0.526,0.9131,0.9337,0.9228
laplacian_kernel,0.531,0.9121,0.9337,0.9233
laplacian_kernel,0.536,0.9110,0.9337,0.9233
laplacian_kernel,0.541,0.9110,0.9337,0.9235
laplacian_kernel,0.546,0.9110,0.9348,0.9237
laplacian_kernel,0.551,0.9110,0.9348,0.9235
laplacian_kernel,0.556,0.9121,0.9348,0.9235
laplacian_kernel,0.561,0.9121,0.9348,0.9233
laplacian_kernel,0.566,0.9121,0.9348,0.9233
laplacian_kernel,0.571,0.9121,0.9348,0.9233
laplacian_kernel,0.576,0.9121,0.9359,0.9237
laplacian_kernel,0.581,0.9110,0.9359,0.9235
laplacian_kernel,0.586,0.9110,0.9359,0.9237
laplacian_kernel,0.591,0.9110,0.9359,0.9237
laplacian_kernel,0.596,0.9110,0.9348,0.9235
laplacian_kernel,0.601,0.9121,0.9348,0.9239
laplacian_kernel,0.606,0.9121,0.9359,0.9241
laplacian_kernel,0.611,0.9121,0.9359,0.9244
laplacian_kernel,0.616,0.9110,0.9359,0.9237
laplacian_kernel,0.621,0.9110,0.9359,0.9239
laplacian_kernel,0.626,0.9099,0.9359,0.9237
laplacian_kernel,0.631,0.9099,0.9359,0.9231
laplacian_kernel,0.636,0.9088,0.9359,0.9228
laplacian_kernel,0.641,0.9088,0.9359,0.9228
laplacian_kernel,0.646,0.9088,0.9359,0.9228
laplacian_kernel,0.651,0.9088,0.9359,0.9226
laplacian_kernel,0.656,0.9088,0.9359,0.9222
laplacian_kernel,0.661,0.9077,0.9359,0.9220
laplacian_kernel,0.666,0.9077,0.9348,0.9218
laplacian_kernel,0.671,0.9077,0.9337,0.9213
laplacian_kernel,0.676,0.9088,0.9337,0.9213
laplacian_kernel,0.681,0.9088,0.9337,0.9211
laplacian_kernel,0.686,0.9088,0.9337,0.9209
laplacian_kernel,0.691,0.9099,0.9337,0.9209
laplacian_kernel,0.696,0.9099,0.9337,0.9209
laplacian_kernel,0.701,0.9099,0.9337,0.9211
laplacian_kernel,0.706,0.9099,0.9337,0.9213
laplacian_kernel,0.711,0.9099,0.9337,0.9211
laplacian_kernel,0.716,0.9099,0.9326,0.9207
laplacian_kernel,0.721,0.9099,0.9326,0.9207
laplacian_kernel,0.726,0.9099,0.9315,0.9205
laplacian_kernel,0.731,0.9088,0.9315,0.9196
laplacian_kernel,0.736,0.9087,0.9326,0.9196
laplacian_kernel,0.741,0.9087,0.9326,0.9196
laplacian_kernel,0.746,0.9087,0.9326,0.9196
laplacian_kernel,0.751,0.9087,0.9326,0.9196
laplacian_kernel,0.756,0.9098,0.9326,0.9198
laplacian_kernel,0.761,0.9098,0.9326,0.9200
laplacian_kernel,0.766,0.9088,0.9326,0.9196
laplacian_kernel,0.771,0.9088,0.9326,0.9196
laplacian_kernel,0.776,0.9087,0.9326,0.9194
laplacian_kernel,0.781,0.9087,0.9315,0.9192
laplacian_kernel,0.786,0.9087,0.9315,0.9189
laplacian_kernel,0.791,0.9076,0.9315,0.9183
laplacian_kernel,0.796,0.9076,0.9315,0.9183
laplacian_kernel,0.801,0.9076,0.9315,0.9183
laplacian_kernel,0.806,0.9066,0.9315,0.9183
laplacian_kernel,0.811,0.9077,0.9304,0.9183
laplacian_kernel,0.816,0.9076,0.9304,0.9181
laplacian_kernel,0.821,0.9076,0.9304,0.9181
laplacian_kernel,0.826,0.9076,0.9315,0.9185
laplacian_kernel,0.831,0.9054,0.9315,0.9176
laplacian_kernel,0.836,0.9054,0.9315,0.9176
laplacian_kernel,0.841,0.9054,0.9315,0.9176
laplacian_kernel,0.846,0.9054,0.9315,0.9172
laplacian_kernel,0.851,0.9043,0.9315,0.9170
laplacian_kernel,0.856,0.9043,0.9315,0.9170
laplacian_kernel,0.861,0.9054,0.9315,0.9172
laplacian_kernel,0.866,0.9054,0.9304,0.9165
laplacian_kernel,0.871,0.9054,0.9304,0.9168
laplacian_kernel,0.876,0.9054,0.9315,0.9170
laplacian_kernel,0.881,0.9054,0.9304,0.9165
laplacian_kernel,0.886,0.9045,0.9304,0.9157
laplacian_kernel,0.891,0.9023,0.9304,0.9150
laplacian_kernel,0.896,0.9034,0.9304,0.9148
laplacian_kernel,0.901,0.9023,0.9304,0.9142
laplacian_kernel,0.906,0.9023,0.9304,0.9142
laplacian_kernel,0.911,0.9023,0.9304,0.9139
laplacian_kernel,0.916,0.9023,0.9304,0.9142
laplacian_kernel,0.921,0.9012,0.9304,0.9137
laplacian_kernel,0.926,0.9023,0.9304,0.9139
laplacian_kernel,0.931,0.9012,0.9293,0.9135
laplacian_kernel,0.936,0.9001,0.9293,0.9133
laplacian_kernel,0.941,0.9001,0.9293,0.9128
laplacian_kernel,0.946,0.8990,0.9293,0.9124
laplacian_kernel,0.951,0.8979,0.9293,0.9118
laplacian_kernel,0.956,0.8979,0.9293,0.9118
laplacian_kernel,0.961,0.8969,0.9293,0.9118
laplacian_kernel,0.966,0.8969,0.9304,0.9122
laplacian_kernel,0.971,0.8969,0.9304,0.9120
laplacian_kernel,0.976,0.8969,0.9304,0.9120
laplacian_kernel,0.981,0.8979,0.9304,0.9120
laplacian_kernel,0.986,0.8979,0.9293,0.9118
laplacian_kernel,0.991,0.8979,0.9304,0.9118
laplacian_kernel,0.996,0.8979,0.9304,0.9118
laplacian_kernel,1.001,0.8979,0.9304,0.9118
laplacian_kernel,1.006,0.8979,0.9283,0.9111
laplacian_kernel,1.011,0.8979,0.9283,0.9111
laplacian_kernel,1.016,0.8990,0.9283,0.9107
laplacian_kernel,1.021,0.8990,0.9283,0.9105
laplacian_kernel,1.026,0.8990,0.9272,0.9105
laplacian_kernel,1.031,0.8990,0.9250,0.9100
laplacian_kernel,1.036,0.8990,0.9261,0.9100
laplacian_kernel,1.041,0.8990,0.9261,0.9098
laplacian_kernel,1.046,0.8990,0.9261,0.9098
laplacian_kernel,1.051,0.9001,0.9261,0.9100
laplacian_kernel,1.056,0.9001,0.9261,0.9100
laplacian_kernel,1.061,0.9001,0.9250,0.9096
laplacian_kernel,1.066,0.9001,0.9250,0.9094
laplacian_kernel,1.071,0.9001,0.9250,0.9096
laplacian_kernel,1.076,0.9001,0.9250,0.9096
laplacian_kernel,1.081,0.9001,0.9250,0.9096
laplacian_kernel,1.086,0.9001,0.9250,0.9096
laplacian_kernel,1.091,0.9001,0.9239,0.9094
laplacian_kernel,1.096,0.9001,0.9228,0.9092
laplacian_kernel,1.101,0.9001,0.9228,0.9094
laplacian_kernel,1.106,0.9001,0.9228,0.9092
laplacian_kernel,1.111,0.9001,0.9217,0.9089
laplacian_kernel,1.116,0.8990,0.9217,0.9087
laplacian_kernel,1.121,0.8990,0.9217,0.9089
laplacian_kernel,1.126,0.8990,0.9217,0.9085
laplacian_kernel,1.131,0.8990,0.9217,0.9081
laplacian_kernel,1.136,0.8990,0.9217,0.9081
laplacian_kernel,1.141,0.8990,0.9217,0.9081
laplacian_kernel,1.146,0.8990,0.9196,0.9074
laplacian_kernel,1.151,0.8990,0.9196,0.9074
laplacian_kernel,1.156,0.8989,0.9196,0.9072
laplacian_kernel,1.161,0.8979,0.9196,0.9070
laplacian_kernel,1.166,0.8979,0.9196,0.9068
laplacian_kernel,1.171,0.8979,0.9196,0.9065
laplacian_kernel,1.176,0.8979,0.9196,0.9065
laplacian_kernel,1.181,0.8979,0.9207,0.9068
laplacian_kernel,1.186,0.8979,0.9207,0.9063
laplacian_kernel,1.191,0.8979,0.9207,0.9063
laplacian_kernel,1.196,0.8969,0.9207,0.9061
laplacian_kernel,1.201,0.8969,0.9196,0.9059
laplacian_kernel,1.206,0.8958,0.9196,0.9055
laplacian_kernel,1.211,0.8958,0.9196,0.9055
laplacian_kernel,1.216,0.8958,0.9196,0.9055
laplacian_kernel,1.221,0.8947,0.9196,0.9050
laplacian_kernel,1.226,0.8947,0.9196,0.9052
laplacian_kernel,1.231,0.8958,0.9196,0.9055
laplacian_kernel,1.236,0.8958,0.9196,0.9050
laplacian_kernel,1.241,0.8958,0.9196,0.9048
laplacian_kernel,1.246,0.8947,0.9185,0.9044
laplacian_kernel,1.251,0.8947,0.9185,0.9046
laplacian_kernel,1.256,0.8947,0.9174,0.9042
laplacian_kernel,1.261,0.8947,0.9174,0.9042
laplacian_kernel,1.266,0.8958,0.9174,0.9044
laplacian_kernel,1.271,0.8958,0.9174,0.9044
laplacian_kernel,1.276,0.8947,0.9174,0.9042
laplacian_kernel,1.281,0.8947,0.9163,0.9037
laplacian_kernel,1.286,0.8947,0.9163,0.9039
laplacian_kernel,1.291,0.8947,0.9163,0.9035
laplacian_kernel,1.296,0.8947,0.9163,0.9033
laplacian_kernel,1.301,0.8947,0.9163,0.9031
laplacian_kernel,1.306,0.8936,0.9163,0.9024
laplacian_kernel,1.311,0.8936,0.9163,0.9026
laplacian_kernel,1.316,0.8936,0.9163,0.9022
laplacian_kernel,1.321,0.8936,0.9163,0.9018
laplacian_kernel,1.326,0.8925,0.9141,0.9011
laplacian_kernel,1.331,0.8925,0.9141,0.9009
laplacian_kernel,1.336,0.8925,0.9152,0.9011
laplacian_kernel,1.341,0.8925,0.9141,0.9007
laplacian_kernel,1.346,0.8925,0.9141,0.9005
laplacian_kernel,1.351,0.8925,0.9141,0.9005
laplacian_kernel,1.356,0.8925,0.9141,0.9005
laplacian_kernel,1.361,0.8925,0.9141,0.9005
laplacian_kernel,1.366,0.8925,0.9141,0.9005
laplacian_kernel,1.371,0.8925,0.9130,0.9000
laplacian_kernel,1.376,0.8914,0.9130,0.8996
laplacian_kernel,1.381,0.8914,0.9130,0.8996
laplacian_kernel,1.386,0.8914,0.9130,0.8994
laplacian_kernel,1.391,0.8914,0.9130,0.8998
laplacian_kernel,1.396,0.8914,0.9130,0.8996
laplacian_kernel,1.401,0.8914,0.9130,0.8996
laplacian_kernel,1.406,0.8903,0.9130,0.8994
laplacian_kernel,1.411,0.8903,0.9130,0.8992
laplacian_kernel,1.416,0.8903,0.9130,0.8992
laplacian_kernel,1.421,0.8903,0.9130,0.8989
laplacian_kernel,1.426,0.8893,0.9130,0.8983
laplacian_kernel,1.431,0.8891,0.9130,0.8974
laplacian_kernel,1.436,0.8880,0.9130,0.8972
laplacian_kernel,1.441,0.8880,0.9130,0.8970
laplacian_kernel,1.446,0.8870,0.9130,0.8965
laplacian_kernel,1.451,0.8848,0.9120,0.8957
laplacian_kernel,1.456,0.8837,0.9120,0.8950
laplacian_kernel,1.461,0.8837,0.9120,0.8948
laplacian_kernel,1.466,0.8837,0.9120,0.8944
laplacian_kernel,1.471,0.8826,0.9120,0.8939
laplacian_kernel,1.476,0.8826,0.9120,0.8939
laplacian_kernel,1.481,0.8826,0.9120,0.8933
laplacian_kernel,1.486,0.8837,0.9120,0.8935
laplacian_kernel,1.491,0.8837,0.9109,0.8929
laplacian_kernel,1.496,0.8837,0.9109,0.8929
laplacian_kernel,1.501,0.8826,0.9109,0.8922
laplacian_kernel,1.506,0.8826,0.9109,0.8922
laplacian_kernel,1.511,0.8826,0.9109,0.8922
laplacian_kernel,1.516,0.8815,0.9109,0.8920
laplacian_kernel,1.521,0.8815,0.9109,0.8918
laplacian_kernel,1.526,0.8793,0.9098,0.8909
laplacian_kernel,1.531,0.8783,0.9098,0.8905
laplacian_kernel,1.536,0.8783,0.9098,0.8902
laplacian_kernel,1.541,0.8783,0.9076,0.8896
laplacian_kernel,1.546,0.8761,0.9065,0.8889
laplacian_kernel,1.551,0.8761,0.9065,0.8887
laplacian_kernel,1.556,0.8772,0.9054,0.8885
laplacian_kernel,1.561,0.8772,0.9054,0.8885
laplacian_kernel,1.566,0.8772,0.9054,0.8883
laplacian_kernel,1.571,0.8772,0.9054,0.8883
laplacian_kernel,1.576,0.8772,0.9054,0.8879
laplacian_kernel,1.581,0.8772,0.9054,0.8881
laplacian_kernel,1.586,0.8772,0.9054,0.8879
laplacian_kernel,1.591,0.8772,0.9054,0.8879
laplacian_kernel,1.596,0.8762,0.9054,0.8876
laplacian_kernel,1.601,0.8762,0.9043,0.8872
laplacian_kernel,1.606,0.8762,0.9043,0.8870
laplacian_kernel,1.611,0.8762,0.9033,0.8863
laplacian_kernel,1.616,0.8761,0.9011,0.8855
laplacian_kernel,1.621,0.8761,0.9000,0.8852
laplacian_kernel,1.626,0.8761,0.9000,0.8852
laplacian_kernel,1.631,0.8750,0.9000,0.8850
laplacian_kernel,1.636,0.8750,0.9000,0.8850
laplacian_kernel,1.641,0.8750,0.9000,0.8848
laplacian_kernel,1.646,0.8750,0.8989,0.8846
laplacian_kernel,1.651,0.8750,0.8989,0.8842
laplacian_kernel,1.656,0.8740,0.8989,0.8839
laplacian_kernel,1.661,0.8740,0.8989,0.8839
laplacian_kernel,1.666,0.8730,0.8978,0.8835
laplacian_kernel,1.671,0.8730,0.8957,0.8824
laplacian_kernel,1.676,0.8719,0.8957,0.8822
laplacian_kernel,1.681,0.8719,0.8957,0.8818
laplacian_kernel,1.686,0.8719,0.8946,0.8813
laplacian_kernel,1.691,0.8719,0.8946,0.8811
laplacian_kernel,1.696,0.8708,0.8946,0.8807
laplacian_kernel,1.701,0.8697,0.8946,0.8802
laplacian_kernel,1.706,0.8686,0.8935,0.8798
laplacian_kernel,1.711,0.8686,0.8935,0.8794
laplacian_kernel,1.716,0.8675,0.8935,0.8789
laplacian_kernel,1.721,0.8675,0.8935,0.8787
laplacian_kernel,1.726,0.8675,0.8924,0.8783
laplacian_kernel,1.731,0.8675,0.8913,0.8776
laplacian_kernel,1.736,0.8675,0.8913,0.8779
laplacian_kernel,1.741,0.8675,0.8913,0.8776
laplacian_kernel,1.746,0.8664,0.8913,0.8774
laplacian_kernel,1.751,0.8654,0.8913,0.8772
laplacian_kernel,1.756,0.8654,0.8902,0.8766
laplacian_kernel,1.761,0.8654,0.8902,0.8766
laplacian_kernel,1.766,0.8632,0.8891,0.8759
laplacian_kernel,1.771,0.8621,0.8880,0.8750
laplacian_kernel,1.776,0.8621,0.8880,0.8750
laplacian_kernel,1.781,0.8621,0.8880,0.8750
laplacian_kernel,1.786,0.8621,0.8859,0.8746
laplacian_kernel,1.791,0.8621,0.8859,0.8744
laplacian_kernel,1.796,0.8621,0.8859,0.8742
laplacian_kernel,1.801,0.8621,0.8859,0.8739
laplacian_kernel,1.806,0.8621,0.8859,0.8737
laplacian_kernel,1.811,0.8621,0.8859,0.8737
laplacian_kernel,1.816,0.8621,0.8859,0.8737
laplacian_kernel,1.821,0.8621,0.8859,0.8735
laplacian_kernel,1.826,0.8621,0.8859,0.8733
laplacian_kernel,1.831,0.8610,0.8848,0.8729
laplacian_kernel,1.836,0.8610,0.8837,0.8722
laplacian_kernel,1.841,0.8610,0.8837,0.8722
laplacian_kernel,1.846,0.8610,0.8837,0.8722
laplacian_kernel,1.851,0.8610,0.8837,0.8722
laplacian_kernel,1.856,0.8610,0.8837,0.8720
laplacian_kernel,1.861,0.8610,0.8837,0.8713
laplacian_kernel,1.866,0.8610,0.8837,0.8713
laplacian_kernel,1.871,0.8610,0.8837,0.8709
laplacian_kernel,1.876,0.8610,0.8837,0.8705
laplacian_kernel,1.881,0.8610,0.8826,0.8698
laplacian_kernel,1.886,0.8610,0.8815,0.8694
laplacian_kernel,1.891,0.8610,0.8815,0.8694
laplacian_kernel,1.896,0.8610,0.8804,0.8692
laplacian_kernel,1.901,0.8599,0.8804,0.8687
laplacian_kernel,1.906,0.8599,0.8804,0.8687
laplacian_kernel,1.911,0.8588,0.8804,0.8683
laplacian_kernel,1.916,0.8588,0.8804,0.8683
laplacian_kernel,1.921,0.8578,0.8804,0.8676
laplacian_kernel,1.926,0.8578,0.8804,0.8679
laplacian_kernel,1.931,0.8578,0.8804,0.8679
laplacian_kernel,1.936,0.8578,0.8804,0.8676
laplacian_kernel,1.941,0.8567,0.8804,0.8670
laplacian_kernel,1.946,0.8556,0.8804,0.8661
laplacian_kernel,1.951,0.8556,0.8804,0.8659
laplacian_kernel,1.956,0.8556,0.8804,0.8661
laplacian_kernel,1.961,0.8545,0.8793,0.8657
laplacian_kernel,1.966,0.8545,0.8783,0.8652
laplacian_kernel,1.971,0.8534,0.8772,0.8648
laplacian_kernel,1.976,0.8534,0.8772,0.8648
laplacian_kernel,1.981,0.8534,0.8772,0.8648
laplacian_kernel,1.986,0.8523,0.8761,0.8644
laplacian_kernel,1.991,0.8523,0.8761,0.8639
laplacian_kernel,1.996,0.8523,0.8750,0.8637
laplacian_kernel,2.001,0.8523,0.8750,0.8635
cauchy_kernel,0.001,0.7481,0.7707,0.7620
cauchy_kernel,0.006,0.7481,0.7707,0.7620
cauchy_kernel,0.011,0.7481,0.7707,0.7620
cauchy_kernel,0.016,0.7481,0.7707,0.7620
cauchy_kernel,0.021,0.7481,0.7707,0.7620
cauchy_kernel,0.026,0.7481,0.7707,0.7620
cauchy_kernel,0.031,0.7481,0.7707,0.7620
cauchy_kernel,0.036,0.7481,0.7707,0.7620
cauchy_kernel,0.041,0.7481,0.7707,0.7616
cauchy_kernel,0.046,0.7481,0.7707,0.7611
cauchy_kernel,0.051,0.7481,0.7707,0.7611
cauchy_kernel,0.056,0.7481,0.7707,0.7609
cauchy_kernel,0.061,0.7481,0.7707,0.7609
cauchy_kernel,0.066,0.7481,0.7707,0.7609
cauchy_kernel,0.071,0.7481,0.7707,0.7607
cauchy_kernel,0.076,0.7481,0.7696,0.7605
cauchy_kernel,0.081,0.7481,0.7696,0.7605
cauchy_kernel,0.086,0.7470,0.7696,0.7601
cauchy_kernel,0.091,0.7470,0.7696,0.7598
cauchy_kernel,0.096,0.7470,0.7707,0.7601
cauchy_kernel,0.101,0.7470,0.7696,0.7594
cauchy_kernel,0.106,0.7470,0.7685,0.7585
cauchy_kernel,0.111,0.7470,0.7663,0.7581
cauchy_kernel,0.116,0.7459,0.7652,0.7577
cauchy_kernel,0.121,0.7459,0.7641,0.7572
cauchy_kernel,0.126,0.7459,0.7641,0.7570
cauchy_kernel,0.131,0.7448,0.7641,0.7564
cauchy_kernel,0.136,0.7438,0.7641,0.7559
cauchy_kernel,0.141,0.7427,0.7630,0.7557
cauchy_kernel,0.146,0.7427,0.7630,0.7551
cauchy_kernel,0.151,0.7416,0.7630,0.7542
cauchy_kernel,0.156,0.7416,0.7620,0.7533
cauchy_kernel,0.161,0.7416,0.7620,0.7527
cauchy_kernel,0.166,0.7416,0.7620,0.7520
cauchy_kernel,0.171,0.7394,0.7620,0.7516
cauchy_kernel,0.176,0.7394,0.7598,0.7503
cauchy_kernel,0.181,0.7362,0.7576,0.7481
cauchy_kernel,0.186,0.7351,0.7576,0.7472
cauchy_kernel,0.191,0.7329,0.7554,0.7453
cauchy_kernel,0.196,0.7318,0.7543,0.7442
cauchy_kernel,0.201,0.7318,0.7543,0.7438
cauchy_kernel,0.206,0.7296,0.7543,0.7425
cauchy_kernel,0.211,0.7293,0.7533,0.7411
cauchy_kernel,0.216,0.7272,0.7533,0.7398
cauchy_kernel,0.221,0.7250,0.7522,0.7372
cauchy_kernel,0.226,0.7207,0.7478,0.7351
cauchy_kernel,0.231,0.7207,0.7478,0.7348
cauchy_kernel,0.236,0.7163,0.7446,0.7318
cauchy_kernel,0.241,0.7163,0.7424,0.7307
cauchy_kernel,0.246,0.7163,0.7413,0.7301
cauchy_kernel,0.251,0.7152,0.7424,0.7292
cauchy_kernel,0.256,0.7109,0.7413,0.7277
cauchy_kernel,0.261,0.7109,0.7391,0.7270
cauchy_kernel,0.266,0.7098,0.7380,0.7261
cauchy_kernel,0.271,0.7054,0.7359,0.7244
cauchy_kernel,0.276,0.7043,0.7348,0.7233
cauchy_kernel,0.281,0.7033,0.7337,0.7218
cauchy_kernel,0.286,0.7022,0.7337,0.7209
cauchy_kernel,0.291,0.7022,0.7326,0.7205
cauchy_kernel,0.296,0.7011,0.7304,0.7190
cauchy_kernel,0.301,0.7011,0.7304,0.7190
cauchy_kernel,0.306,0.6978,0.7304,0.7183
cauchy_kernel,0.311,0.6967,0.7293,0.7175
cauchy_kernel,0.316,0.6967,0.7272,0.7159
cauchy_kernel,0.321,0.6946,0.7261,0.7144
cauchy_kernel,0.326,0.6891,0.7261,0.7129
cauchy_kernel,0.331,0.6870,0.7261,0.7120
cauchy_kernel,0.336,0.6848,0.7239,0.7101
cauchy_kernel,0.341,0.6837,0.7228,0.7083
cauchy_kernel,0.346,0.6815,0.7217,0.7070
cauchy_kernel,0.351,0.6804,0.7196,0.7057
cauchy_kernel,0.356,0.6804,0.7163,0.7038
cauchy_kernel,0.361,0.6804,0.7130,0.7012
cauchy_kernel,0.366,0.6804,0.7130,0.7007
cauchy_kernel,0.371,0.6793,0.7120,0.6996
cauchy_kernel,0.376,0.6783,0.7109,0.6985
cauchy_kernel,0.381,0.6772,0.7065,0.6970
cauchy_kernel,0.386,0.6761,0.7033,0.6951
cauchy_kernel,0.391,0.6750,0.7011,0.6942
cauchy_kernel,0.396,0.6750,0.7000,0.6925
cauchy_kernel,0.401,0.6739,0.6989,0.6914
cauchy_kernel,0.406,0.6728,0.6989,0.6909
cauchy_kernel,0.411,0.6717,0.6967,0.6899
cauchy_kernel,0.416,0.6717,0.6957,0.6892
cauchy_kernel,0.421,0.6707,0.6946,0.6879
cauchy_kernel,0.426,0.6696,0.6935,0.6868
cauchy_kernel,0.431,0.6663,0.6935,0.6853
cauchy_kernel,0.436,0.6663,0.6924,0.6844
cauchy_kernel,0.441,0.6663,0.6924,0.6840
cauchy_kernel,0.446,0.6652,0.6902,0.6820
cauchy_kernel,0.451,0.6641,0.6902,0.6809
cauchy_kernel,0.456,0.6620,0.6902,0.6805
cauchy_kernel,0.461,0.6598,0.6902,0.6794
cauchy_kernel,0.466,0.6598,0.6880,0.6779
cauchy_kernel,0.471,0.6598,0.6837,0.6764
cauchy_kernel,0.476,0.6598,0.6837,0.6757
cauchy_kernel,0.481,0.6598,0.6826,0.6749
cauchy_kernel,0.486,0.6598,0.6815,0.6744
cauchy_kernel,0.491,0.6598,0.6815,0.6733
cauchy_kernel,0.496,0.6598,0.6793,0.6727
cauchy_kernel,0.501,0.6587,0.6793,0.6720
cauchy_kernel,0.506,0.6587,0.6793,0.6714
cauchy_kernel,0.511,0.6565,0.6772,0.6701
cauchy_kernel,0.516,0.6554,0.6772,0.6696
cauchy_kernel,0.521,0.6533,0.6772,0.6688
cauchy_kernel,0.526,0.6522,0.6761,0.6681
cauchy_kernel,0.531,0.6511,0.6761,0.6672
cauchy_kernel,0.536,0.6511,0.6761,0.6668
cauchy_kernel,0.541,0.6511,0.6761,0.6657
cauchy_kernel,0.546,0.6511,0.6761,0.6655
cauchy_kernel,0.551,0.6500,0.6761,0.6646
cauchy_kernel,0.556,0.6489,0.6761,0.6638
cauchy_kernel,0.561,0.6478,0.6761,0.6629
cauchy_kernel,0.566,0.6478,0.6761,0.6627
cauchy_kernel,0.571,0.6478,0.6739,0.6614
cauchy_kernel,0.576,0.6467,0.6739,0.6601
cauchy_kernel,0.581,0.6467,0.6739,0.6599
cauchy_kernel,0.586,0.6457,0.6739,0.6594
cauchy_kernel,0.591,0.6457,0.6739,0.6592
cauchy_kernel,0.596,0.6435,0.6739,0.6588
cauchy_kernel,0.601,0.6435,0.6739,0.6583
cauchy_kernel,0.606,0.6424,0.6728,0.6575
cauchy_kernel,0.611,0.6424,0.6728,0.6575
cauchy_kernel,0.616,0.6413,0.6717,0.6568
cauchy_kernel,0.621,0.6413,0.6696,0.6562
cauchy_kernel,0.626,0.6391,0.6696,0.6555
cauchy_kernel,0.631,0.6391,0.6696,0.6549
cauchy_kernel,0.636,0.6380,0.6696,0.6544
cauchy_kernel,0.641,0.6380,0.6696,0.6544
cauchy_kernel,0.646,0.6370,0.6696,0.6542
cauchy_kernel,0.651,0.6370,0.6674,0.6531
cauchy_kernel,0.656,0.6370,0.6663,0.6529
cauchy_kernel,0.661,0.6370,0.6641,0.6522
cauchy_kernel,0.666,0.6359,0.6641,0.6509
cauchy_kernel,0.671,0.6348,0.6641,0.6507
cauchy_kernel,0.676,0.6348,0.6641,0.6505
cauchy_kernel,0.681,0.6337,0.6641,0.6499
cauchy_kernel,0.686,0.6337,0.6641,0.6499
cauchy_kernel,0.691,0.6337,0.6630,0.6496
cauchy_kernel,0.696,0.6337,0.6620,0.6494
cauchy_kernel,0.701,0.6326,0.6620,0.6488
cauchy_kernel,0.706,0.6326,0.6609,0.6483
cauchy_kernel,0.711,0.6315,0.6609,0.6477
cauchy_kernel,0.716,0.6315,0.6609,0.6477
cauchy_kernel,0.721,0.6315,0.6609,0.6475
cauchy_kernel,0.726,0.6315,0.6609,0.6475
cauchy_kernel,0.731,0.6315,0.6609,0.6475
cauchy_kernel,0.736,0.6315,0.6609,0.6475
cauchy_kernel,0.741,0.6315,0.6609,0.6475
cauchy_kernel,0.746,0.6304,0.6598,0.6468
cauchy_kernel,0.751,0.6304,0.6587,0.6464
cauchy_kernel,0.756,0.6261,0.6587,0.6455
cauchy_kernel,0.761,0.6261,0.6587,0.6455
cauchy_kernel,0.766,0.6239,0.6587,0.6449
cauchy_kernel,0.771,0.6239,0.6576,0.6442
cauchy_kernel,0.776,0.6239,0.6576,0.6442
cauchy_kernel,0.781,0.6239,0.6576,0.6438
cauchy_kernel,0.786,0.6239,0.6576,0.6438
cauchy_kernel,0.791,0.6239,0.6565,0.6433
cauchy_kernel,0.796,0.6239,0.6565,0.6431
cauchy_kernel,0.801,0.6239,0.6565,0.6429
cauchy_kernel,0.806,0.6239,0.6565,0.6429
cauchy_kernel,0.811,0.6239,0.6565,0.6429
cauchy_kernel,0.816,0.6228,0.6565,0.6423
cauchy_kernel,0.821,0.6207,0.6565,0.6414
cauchy_kernel,0.826,0.6207,0.6543,0.6405
cauchy_kernel,0.831,0.6207,0.6533,0.6403
cauchy_kernel,0.836,0.6196,0.6533,0.6401
cauchy_kernel,0.841,0.6174,0.6533,0.6394
cauchy_kernel,0.846,0.6174,0.6533,0.6394
cauchy_kernel,0.851,0.6152,0.6522,0.6379
cauchy_kernel,0.856,0.6141,0.6522,0.6375
cauchy_kernel,0.861,0.6141,0.6511,0.6373
cauchy_kernel,0.866,0.6141,0.6511,0.6368
cauchy_kernel,0.871,0.6141,0.6489,0.6364
cauchy_kernel,0.876,0.6141,0.6478,0.6362
cauchy_kernel,0.881,0.6141,0.6478,0.6362
cauchy_kernel,0.886,0.6141,0.6467,0.6359
cauchy_kernel,0.891,0.6141,0.6467,0.6359
cauchy_kernel,0.896,0.6141,0.6457,0.6353
cauchy_kernel,0.901,0.6141,0.6457,0.6353
cauchy_kernel,0.906,0.6141,0.6457,0.6349
cauchy_kernel,0.911,0.6098,0.6457,0.6338
cauchy_kernel,0.916,0.6098,0.6417,0.6320
cauchy_kernel,0.921,0.6087,0.6417,0.6316
cauchy_kernel,0.926,0.6087,0.6417,0.6312
cauchy_kernel,0.931,0.6087,0.6417,0.6301
cauchy_kernel,0.936,0.6087,0.6417,0.6296
cauchy_kernel,0.941,0.6087,0.6417,0.6292
cauchy_kernel,0.946,0.6076,0.6417,0.6290
cauchy_kernel,0.951,0.6076,0.6417,0.6290
cauchy_kernel,0.956,0.6065,0.6417,0.6286
cauchy_kernel,0.961,0.6065,0.6406,0.6279
cauchy_kernel,0.966,0.6065,0.6406,0.6275
cauchy_kernel,0.971,0.6065,0.6406,0.6275
cauchy_kernel,0.976,0.6065,0.6395,0.6268
cauchy_kernel,0.981,0.6065,0.6395,0.6257
cauchy_kernel,0.986,0.6065,0.6395,0.6255
cauchy_kernel,0.991,0.6065,0.6395,0.6255
cauchy_kernel,0.996,0.6065,0.6395,0.6249
cauchy_kernel,1.001,0.6065,0.6374,0.6238
cauchy_kernel,1.006,0.6065,0.6374,0.6238
cauchy_kernel,1.011,0.6065,0.6374,0.6238
cauchy_kernel,1.016,0.6065,0.6374,0.6236
cauchy_kernel,1.021,0.6065,0.6374,0.6236
cauchy_kernel,1.026,0.6054,0.6374,0.6233
cauchy_kernel,1.031,0.6054,0.6374,0.6233
cauchy_kernel,1.036,0.6054,0.6374,0.6233
cauchy_kernel,1.041,0.6054,0.6374,0.6231
cauchy_kernel,1.046,0.6054,0.6374,0.6229
cauchy_kernel,1.051,0.6054,0.6374,0.6229
cauchy_kernel,1.056,0.6054,0.6374,0.6223
cauchy_kernel,1.061,0.6054,0.6363,0.6220
cauchy_kernel,1.066,0.6054,0.6352,0.6218
cauchy_kernel,1.071,0.6054,0.6341,0.6216
cauchy_kernel,1.076,0.6054,0.6341,0.6214
cauchy_kernel,1.081,0.6054,0.6341,0.6209
cauchy_kernel,1.086,0.6054,0.6341,0.6209
cauchy_kernel,1.091,0.6043,0.6341,0.6207
cauchy_kernel,1.096,0.6043,0.6341,0.6207
cauchy_kernel,1.101,0.6043,0.6341,0.6207
cauchy_kernel,1.106,0.6043,0.6341,0.6205
cauchy_kernel,1.111,0.6043,0.6319,0.6201
cauchy_kernel,1.116,0.6043,0.6319,0.6201
cauchy_kernel,1.121,0.6043,0.6319,0.6201
cauchy_kernel,1.126,0.6043,0.6319,0.6201
cauchy_kernel,1.131,0.6043,0.6319,0.6201
cauchy_kernel,1.136,0.6043,0.6319,0.6196
cauchy_kernel,1.141,0.6033,0.6319,0.6190
cauchy_kernel,1.146,0.6033,0.6308,0.6188
cauchy_kernel,1.151,0.6033,0.6308,0.6188
cauchy_kernel,1.156,0.6033,0.6298,0.6186
cauchy_kernel,1.161,0.6033,0.6298,0.6186
cauchy_kernel,1.166,0.6033,0.6287,0.6183
cauchy_kernel,1.171,0.6033,0.6265,0.6179
cauchy_kernel,1.176,0.6033,0.6265,0.6179
cauchy_kernel,1.181,0.6033,0.6254,0.6177
cauchy_kernel,1.186,0.6033,0.6254,0.6177
cauchy_kernel,1.191,0.6033,0.6254,0.6177
cauchy_kernel,1.196,0.6033,0.6254,0.6177
cauchy_kernel,1.201,0.6033,0.6254,0.6177
cauchy_kernel,1.206,0.6033,0.6254,0.6173
cauchy_kernel,1.211,0.6033,0.6254,0.6173
cauchy_kernel,1.216,0.6033,0.6254,0.6173
cauchy_kernel,1.221,0.6033,0.6254,0.6173
cauchy_kernel,1.226,0.6033,0.6243,0.6170
cauchy_kernel,1.231,0.6033,0.6243,0.6168
cauchy_kernel,1.236,0.6033,0.6243,0.6162
cauchy_kernel,1.241,0.6033,0.6243,0.6162
cauchy_kernel,1.246,0.6033,0.6243,0.6160
cauchy_kernel,1.251,0.6033,0.6243,0.6160
cauchy_kernel,1.256,0.6033,0.6221,0.6155
cauchy_kernel,1.261,0.6033,0.6221,0.6155
cauchy_kernel,1.266,0.6033,0.6221,0.6155
cauchy_kernel,1.271,0.6033,0.6221,0.6155
cauchy_kernel,1.276,0.6022,0.6221,0.6153
cauchy_kernel,1.281,0.6022,0.6221,0.6153
cauchy_kernel,1.286,0.6022,0.6221,0.6153
cauchy_kernel,1.291,0.6011,0.6221,0.6149
cauchy_kernel,1.296,0.6011,0.6221,0.6149
cauchy_kernel,1.301,0.6011,0.6221,0.6146
cauchy_kernel,1.306,0.6011,0.6221,0.6146
cauchy_kernel,1.311,0.6011,0.6221,0.6146
cauchy_kernel,1.316,0.6011,0.6221,0.6146
cauchy_kernel,1.321,0.6011,0.6221,0.6146
cauchy_kernel,1.326,0.6011,0.6221,0.6146
cauchy_kernel,1.331,0.6011,0.6221,0.6146
cauchy_kernel,1.336,0.6011,0.6221,0.6146
cauchy_kernel,1.341,0.6011,0.6221,0.6146
cauchy_kernel,1.346,0.6011,0.6221,0.6146
cauchy_kernel,1.351,0.6011,0.6221,0.6146
cauchy_kernel,1.356,0.6011,0.6221,0.6146
cauchy_kernel,1.361,0.6011,0.6221,0.6146
cauchy_kernel,1.366,0.6011,0.6221,0.6146
cauchy_kernel,1.371,0.6011,0.6221,0.6146
cauchy_kernel,1.376,0.6011,0.6221,0.6146
cauchy_kernel,1.381,0.6011,0.6221,0.6144
cauchy_kernel,1.386,0.6011,0.6221,0.6144
cauchy_kernel,1.391,0.6011,0.6221,0.6142
cauchy_kernel,1.396,0.6011,0.6221,0.6142
cauchy_kernel,1.401,0.6011,0.6221,0.6142
cauchy_kernel,1.406,0.6011,0.6221,0.6142
cauchy_kernel,1.411,0.6011,0.6221,0.6142
cauchy_kernel,1.416,0.6011,0.6221,0.6142
cauchy_kernel,1.421,0.6011,0.6221,0.6142
cauchy_kernel,1.426,0.6011,0.6221,0.6142
cauchy_kernel,1.431,0.6011,0.6221,0.6142
cauchy_kernel,1.436,0.6011,0.6221,0.6142
cauchy_kernel,1.441,0.6011,0.6221,0.6142
cauchy_kernel,1.446,0.6011,0.6221,0.6142
cauchy_kernel,1.451,0.6011,0.6221,0.6142
cauchy_kernel,1.456,0.6011,0.6221,0.6142
cauchy_kernel,1.461,0.6011,0.6221,0.6140
cauchy_kernel,1.466,0.6011,0.6221,0.6140
cauchy_kernel,1.471,0.6011,0.6221,0.6140
cauchy_kernel,1.476,0.6011,0.6221,0.6140
cauchy_kernel,1.481,0.6011,0.6221,0.6140
cauchy_kernel,1.486,0.6011,0.6221,0.6140
cauchy_kernel,1.491,0.6011,0.6221,0.6140
cauchy_kernel,1.496,0.6011,0.6221,0.6140
cauchy_kernel,1.501,0.6011,0.6221,0.6140
cauchy_kernel,1.506,0.6011,0.6221,0.6140
cauchy_kernel,1.511,0.6011,0.6221,0.6140
cauchy_kernel,1.516,0.6000,0.6221,0.6138
cauchy_kernel,1.521,0.6000,0.6221,0.6138
cauchy_kernel,1.526,0.6000,0.6221,0.6138
cauchy_kernel,1.531,0.6000,0.6221,0.6138
cauchy_kernel,1.536,0.6000,0.6221,0.6138
cauchy_kernel,1.541,0.6000,0.6221,0.6138
cauchy_kernel,1.546,0.6000,0.6221,0.6138
cauchy_kernel,1.551,0.6000,0.6221,0.6138
cauchy_kernel,1.556,0.6000,0.6221,0.6138
cauchy_kernel,1.561,0.6000,0.6221,0.6138
cauchy_kernel,1.566,0.6000,0.6221,0.6136
cauchy_kernel,1.571,0.6000,0.6221,0.6136
cauchy_kernel,1.576,0.6000,0.6221,0.6136
cauchy_kernel,1.581,0.5989,0.6221,0.6133
cauchy_kernel,1.586,0.5989,0.6221,0.6133
cauchy_kernel,1.591,0.5989,0.6221,0.6133
cauchy_kernel,1.596,0.5989,0.6221,0.6129
cauchy_kernel,1.601,0.5989,0.6221,0.6129
cauchy_kernel,1.606,0.5989,0.6221,0.6129
cauchy_kernel,1.611,0.5989,0.6221,0.6127
cauchy_kernel,1.616,0.5978,0.6221,0.6125
cauchy_kernel,1.621,0.5978,0.6221,0.6125
cauchy_kernel,1.626,0.5978,0.6221,0.6125
cauchy_kernel,1.631,0.5967,0.6221,0.6123
cauchy_kernel,1.636,0.5967,0.6221,0.6123
cauchy_kernel,1.641,0.5967,0.6221,0.6123
cauchy_kernel,1.646,0.5967,0.6221,0.6123
cauchy_kernel,1.651,0.5967,0.6221,0.6123
cauchy_kernel,1.656,0.5967,0.6221,0.6123
cauchy_kernel,1.661,0.5967,0.6211,0.6120
cauchy_kernel,1.666,0.5967,0.6211,0.6120
cauchy_kernel,1.671,0.5967,0.6211,0.6120
cauchy_kernel,1.676,0.5967,0.6211,0.6120
cauchy_kernel,1.681,0.5967,0.6211,0.6120
cauchy_kernel,1.686,0.5967,0.6211,0.6120
cauchy_kernel,1.691,0.5967,0.6211,0.6118
cauchy_kernel,1.696,0.5967,0.6200,0.6116
cauchy_kernel,1.701,0.5967,0.6200,0.6110
cauchy_kernel,1.706,0.5967,0.6200,0.6110
cauchy_kernel,1.711,0.5967,0.6200,0.6110
cauchy_kernel,1.716,0.5967,0.6200,0.6110
cauchy_kernel,1.721,0.5967,0.6200,0.6110
cauchy_kernel,1.726,0.5967,0.6200,0.6110
cauchy_kernel,1.731,0.5967,0.6200,0.6110
cauchy_kernel,1.736,0.5967,0.6200,0.6110
cauchy_kernel,1.741,0.5967,0.6200,0.6110
cauchy_kernel,1.746,0.5967,0.6200,0.6110
cauchy_kernel,1.751,0.5967,0.6200,0.6107
cauchy_kernel,1.756,0.5967,0.6200,0.6107
cauchy_kernel,1.761,0.5957,0.6200,0.6105
cauchy_kernel,1.766,0.5957,0.6200,0.6105
cauchy_kernel,1.771,0.5957,0.6200,0.6105
cauchy_kernel,1.776,0.5957,0.6200,0.6105
cauchy_kernel,1.781,0.5957,0.6200,0.6105
cauchy_kernel,1.786,0.5957,0.6200,0.6099
cauchy_kernel,1.791,0.5957,0.6200,0.6096
cauchy_kernel,1.796,0.5957,0.6200,0.6096
cauchy_kernel,1.801,0.5957,0.6200,0.6096
cauchy_kernel,1.806,0.5957,0.6200,0.6096
cauchy_kernel,1.811,0.5957,0.6200,0.6096
cauchy_kernel,1.816,0.5957,0.6200,0.6096
cauchy_kernel,1.821,0.5957,0.6200,0.6096
cauchy_kernel,1.826,0.5946,0.6200,0.6094
cauchy_kernel,1.831,0.5935,0.6200,0.6092
cauchy_kernel,1.836,0.5924,0.6200,0.6090
cauchy_kernel,1.841,0.5924,0.6200,0.6081
cauchy_kernel,1.846,0.5924,0.6200,0.6081
cauchy_kernel,1.851,0.5924,0.6200,0.6081
cauchy_kernel,1.856,0.5924,0.6200,0.6081
cauchy_kernel,1.861,0.5924,0.6200,0.6081
cauchy_kernel,1.866,0.5924,0.6200,0.6081
cauchy_kernel,1.871,0.5924,0.6200,0.6081
cauchy_kernel,1.876,0.5924,0.6200,0.6081
cauchy_kernel,1.881,0.5924,0.6200,0.6081
cauchy_kernel,1.886,0.5924,0.6200,0.6081
cauchy_kernel,1.891,0.5924,0.6200,0.6081
cauchy_kernel,1.896,0.5924,0.6200,0.6081
cauchy_kernel,1.901,0.5924,0.6178,0.6077
cauchy_kernel,1.906,0.5924,0.6178,0.6077
cauchy_kernel,1.911,0.5924,0.6178,0.6077
cauchy_kernel,1.916,0.5924,0.6178,0.6077
cauchy_kernel,1.921,0.5924,0.6178,0.6077
cauchy_kernel,1.926,0.5924,0.6178,0.6077
cauchy_kernel,1.931,0.5924,0.6178,0.6077
cauchy_kernel,1.936,0.5924,0.6178,0.6077
cauchy_kernel,1.941,0.5924,0.6178,0.6075
cauchy_kernel,1.946,0.5924,0.6178,0.6075
cauchy_kernel,1.951,0.5924,0.6178,0.6075
cauchy_kernel,1.956,0.5924,0.6167,0.6073
cauchy_kernel,1.961,0.5924,0.6167,0.6073
cauchy_kernel,1.966,0.5924,0.6167,0.6073
cauchy_kernel,1.971,0.5924,0.6167,0.6073
cauchy_kernel,1.976,0.5924,0.6167,0.6066
cauchy_kernel,1.981,0.5924,0.6167,0.6066
cauchy_kernel,1.986,0.5924,0.6167,0.6066
cauchy_kernel,1.991,0.5924,0.6167,0.6066
cauchy_kernel,1.996,0.5924,0.6167,0.6066
cauchy_kernel,2.001,0.5924,0.6167,0.6066
inverse_multiquadric_kernel,0.001,0.6598,0.6924,0.6788
inverse_multiquadric_kernel,0.006,0.6565,0.6870,0.6755
inverse_multiquadric_kernel,0.011,0.6435,0.6772,0.6631
inverse_multiquadric_kernel,0.016,0.6293,0.6565,0.6462
inverse_multiquadric_kernel,0.021,0.6185,0.6413,0.6355
inverse_multiquadric_kernel,0.026,0.6152,0.6363,0.6305
inverse_multiquadric_kernel,0.031,0.6109,0.6326,0.6270
inverse_multiquadric_kernel,0.036,0.6065,0.6315,0.6244
inverse_multiquadric_kernel,0.041,0.6065,0.6293,0.6225
inverse_multiquadric_kernel,0.046,0.6065,0.6283,0.6218
inverse_multiquadric_kernel,0.051,0.6011,0.6250,0.6188
inverse_multiquadric_kernel,0.056,0.6000,0.6239,0.6175
inverse_multiquadric_kernel,0.061,0.5989,0.6228,0.6168
inverse_multiquadric_kernel,0.066,0.5989,0.6221,0.6160
inverse_multiquadric_kernel,0.071,0.5978,0.6221,0.6149
inverse_multiquadric_kernel,0.076,0.5978,0.6221,0.6142
inverse_multiquadric_kernel,0.081,0.5967,0.6211,0.6138
inverse_multiquadric_kernel,0.086,0.5967,0.6211,0.6131
inverse_multiquadric_kernel,0.091,0.5967,0.6211,0.6123
inverse_multiquadric_kernel,0.096,0.5967,0.6211,0.6123
inverse_multiquadric_kernel,0.101,0.5967,0.6211,0.6123
inverse_multiquadric_kernel,0.106,0.5967,0.6211,0.6120
inverse_multiquadric_kernel,0.111,0.5967,0.6211,0.6118
inverse_multiquadric_kernel,0.116,0.5967,0.6211,0.6116
inverse_multiquadric_kernel,0.121,0.5967,0.6211,0.6116
inverse_multiquadric_kernel,0.126,0.5967,0.6211,0.6116
inverse_multiquadric_kernel,0.131,0.5967,0.6211,0.6112
inverse_multiquadric_kernel,0.136,0.5967,0.6200,0.6101
inverse_multiquadric_kernel,0.141,0.5957,0.6189,0.6094
inverse_multiquadric_kernel,0.146,0.5957,0.6189,0.6094
inverse_multiquadric_kernel,0.151,0.5957,0.6189,0.6094
inverse_multiquadric_kernel,0.156,0.5957,0.6178,0.6092
inverse_multiquadric_kernel,0.161,0.5957,0.6178,0.6083
inverse_multiquadric_kernel,0.166,0.5946,0.6167,0.6079
inverse_multiquadric_kernel,0.171,0.5946,0.6167,0.6079
inverse_multiquadric_kernel,0.176,0.5935,0.6167,0.6075
inverse_multiquadric_kernel,0.181,0.5924,0.6167,0.6066
inverse_multiquadric_kernel,0.186,0.5924,0.6167,0.6066
inverse_multiquadric_kernel,0.191,0.5924,0.6167,0.6066
inverse_multiquadric_kernel,0.196,0.5924,0.6167,0.6066
inverse_multiquadric_kernel,0.201,0.5924,0.6145,0.6062
inverse_multiquadric_kernel,0.206,0.5924,0.6145,0.6062
inverse_multiquadric_kernel,0.211,0.5924,0.6145,0.6062
inverse_multiquadric_kernel,0.216,0.5924,0.6145,0.6062
inverse_multiquadric_kernel,0.221,0.5924,0.6145,0.6060
inverse_multiquadric_kernel,0.226,0.5924,0.6145,0.6060
inverse_multiquadric_kernel,0.231,0.5924,0.6145,0.6060
inverse_multiquadric_kernel,0.236,0.5924,0.6145,0.6060
inverse_multiquadric_kernel,0.241,0.5924,0.6145,0.6060
inverse_multiquadric_kernel,0.246,0.5924,0.6145,0.6060
inverse_multiquadric_kernel,0.251,0.5924,0.6145,0.6060
inverse_multiquadric_kernel,0.256,0.5924,0.6145,0.6060
inverse_multiquadric_kernel,0.261,0.5924,0.6145,0.6060
inverse_multiquadric_kernel,0.266,0.5924,0.6145,0.6060
inverse_multiquadric_kernel,0.271,0.5924,0.6145,0.6060
inverse_multiquadric_kernel,0.276,0.5924,0.6145,0.6060
inverse_multiquadric_kernel,0.281,0.5924,0.6145,0.6060
inverse_multiquadric_kernel,0.286,0.5924,0.6145,0.6060
inverse_multiquadric_kernel,0.291,0.5924,0.6145,0.6060
inverse_multiquadric_kernel,0.296,0.5924,0.6145,0.6060
inverse_multiquadric_kernel,0.301,0.5924,0.6145,0.6060
inverse_multiquadric_kernel,0.306,0.5924,0.6145,0.6060
inverse_multiquadric_kernel,0.311,0.5924,0.6145,0.6060
inverse_multiquadric_kernel,0.316,0.5924,0.6145,0.6060
inverse_multiquadric_kernel,0.321,0.5924,0.6145,0.6060
inverse_multiquadric_kernel,0.326,0.5924,0.6145,0.6060
inverse_multiquadric_kernel,0.331,0.5924,0.6145,0.6060
inverse_multiquadric_kernel,0.336,0.5924,0.6145,0.6060
inverse_multiquadric_kernel,0.341,0.5924,0.6145,0.6060
inverse_multiquadric_kernel,0.346,0.5924,0.6145,0.6060
inverse_multiquadric_kernel,0.351,0.5924,0.6145,0.6060
inverse_multiquadric_kernel,0.356,0.5924,0.6145,0.6060
inverse_multiquadric_kernel,0.361,0.5924,0.6145,0.6060
inverse_multiquadric_kernel,0.366,0.5924,0.6145,0.6060
inverse_multiquadric_kernel,0.371,0.5924,0.6145,0.6060
inverse_multiquadric_kernel,0.376,0.5924,0.6145,0.6060
inverse_multiquadric_kernel,0.381,0.5924,0.6145,0.6060
inverse_multiquadric_kernel,0.386,0.5924,0.6145,0.6060
inverse_multiquadric_kernel,0.391,0.5924,0.6145,0.6060
inverse_multiquadric_kernel,0.396,0.5924,0.6145,0.6060
inverse_multiquadric_kernel,0.401,0.5924,0.6145,0.6060
inverse_multiquadric_kernel,0.406,0.5924,0.6145,0.6060
inverse_multiquadric_kernel,0.411,0.5924,0.6145,0.6060
inverse_multiquadric_kernel,0.416,0.5924,0.6145,0.6060
inverse_multiquadric_kernel,0.421,0.5924,0.6145,0.6060
inverse_multiquadric_kernel,0.426,0.5924,0.6145,0.6060
inverse_multiquadric_kernel,0.431,0.5924,0.6145,0.6060
inverse_multiquadric_kernel,0.436,0.5924,0.6145,0.6060
inverse_multiquadric_kernel,0.441,0.5924,0.6145,0.6060
inverse_multiquadric_kernel,0.446,0.5924,0.6145,0.6060
inverse_multiquadric_kernel,0.451,0.5924,0.6145,0.6060
inverse_multiquadric_kernel,0.456,0.5924,0.6145,0.6060
inverse_multiquadric_kernel,0.461,0.5924,0.6145,0.6060
inverse_multiquadric_kernel,0.466,0.5924,0.6145,0.6060
inverse_multiquadric_kernel,0.471,0.5924,0.6145,0.6060
inverse_multiquadric_kernel,0.476,0.5924,0.6145,0.6060
inverse_multiquadric_kernel,0.481,0.5924,0.6145,0.6060
inverse_multiquadric_kernel,0.486,0.5924,0.6145,0.6060
inverse_multiquadric_kernel,0.491,0.5924,0.6145,0.6060
inverse_multiquadric_kernel,0.496,0.5924,0.6145,0.6060
inverse_multiquadric_kernel,0.501,0.5924,0.6145,0.6060
inverse_multiquadric_kernel,0.506,0.5924,0.6145,0.6060
inverse_multiquadric_kernel,0.511,0.5924,0.6145,0.6060
inverse_multiquadric_kernel,0.516,0.5924,0.6145,0.6060
inverse_multiquadric_kernel,0.521,0.5924,0.6145,0.6060
inverse_multiquadric_kernel,0.526,0.5924,0.6145,0.6060
inverse_multiquadric_kernel,0.531,0.5924,0.6145,0.6060
inverse_multiquadric_kernel,0.536,0.5924,0.6145,0.6060
inverse_multiquadric_kernel,0.541,0.5924,0.6145,0.6060
inverse_multiquadric_kernel,0.546,0.5924,0.6145,0.6060
inverse_multiquadric_kernel,0.551,0.5924,0.6145,0.6060
inverse_multiquadric_kernel,0.556,0.5924,0.6145,0.6060
inverse_multiquadric_kernel,0.561,0.5924,0.6145,0.6060
inverse_multiquadric_kernel,0.566,0.5924,0.6145,0.6060
inverse_multiquadric_kernel,0.571,0.5924,0.6145,0.6060
inverse_multiquadric_kernel,0.576,0.5924,0.6145,0.6060
inverse_multiquadric_kernel,0.581,0.5924,0.6145,0.6060
inverse_multiquadric_kernel,0.586,0.5924,0.6145,0.6060
inverse_multiquadric_kernel,0.591,0.5924,0.6145,0.6060
inverse_multiquadric_kernel,0.596,0.5924,0.6145,0.6060
inverse_multiquadric_kernel,0.601,0.5924,0.6145,0.6060
inverse_multiquadric_kernel,0.606,0.5924,0.6145,0.6060
inverse_multiquadric_kernel,0.611,0.5924,0.6145,0.6060
inverse_multiquadric_kernel,0.616,0.5924,0.6145,0.6060
inverse_multiquadric_kernel,0.621,0.5924,0.6145,0.6060
inverse_multiquadric_kernel,0.626,0.5924,0.6145,0.6060
inverse_multiquadric_kernel,0.631,0.5924,0.6145,0.6060
inverse_multiquadric_kernel,0.636,0.5924,0.6145,0.6060
inverse_multiquadric_kernel,0.641,0.5924,0.6145,0.6060
inverse_multiquadric_kernel,0.646,0.5924,0.6145,0.6060
inverse_multiquadric_kernel,0.651,0.5924,0.6145,0.6060
inverse_multiquadric_kernel,0.656,0.5924,0.6145,0.6060
inverse_multiquadric_kernel,0.661,0.5924,0.6145,0.6060
inverse_multiquadric_kernel,0.666,0.5924,0.6145,0.6060
inverse_multiquadric_kernel,0.671,0.5924,0.6145,0.6060
inverse_multiquadric_kernel,0.676,0.5924,0.6145,0.6060
inverse_multiquadric_kernel,0.681,0.5924,0.6145,0.6060
inverse_multiquadric_kernel,0.686,0.5924,0.6145,0.6060
inverse_multiquadric_kernel,0.691,0.5924,0.6145,0.6060
inverse_multiquadric_kernel,0.696,0.5924,0.6145,0.6060
inverse_multiquadric_kernel,0.701,0.5924,0.6145,0.6060
inverse_multiquadric_kernel,0.706,0.5924,0.6145,0.6060
inverse_multiquadric_kernel,0.711,0.5924,0.6145,0.6060
inverse_multiquadric_kernel,0.716,0.5924,0.6145,0.6060
inverse_multiquadric_kernel,0.721,0.5924,0.6145,0.6060
inverse_multiquadric_kernel,0.726,0.5924,0.6145,0.6060
inverse_multiquadric_kernel,0.731,0.5924,0.6145,0.6060
inverse_multiquadric_kernel,0.736,0.5924,0.6145,0.6060
inverse_multiquadric_kernel,0.741,0.5924,0.6145,0.6060
inverse_multiquadric_kernel,0.746,0.5924,0.6145,0.6060
inverse_multiquadric_kernel,0.751,0.5924,0.6145,0.6060
inverse_multiquadric_kernel,0.756,0.5924,0.6145,0.6060
inverse_multiquadric_kernel,0.761,0.5924,0.6145,0.6060
inverse_multiquadric_kernel,0.766,0.5924,0.6145,0.6060
inverse_multiquadric_kernel,0.771,0.5924,0.6145,0.6060
inverse_multiquadric_kernel,0.776,0.5924,0.6145,0.6060
inverse_multiquadric_kernel,0.781,0.5924,0.6145,0.6060
inverse_multiquadric_kernel,0.786,0.5924,0.6145,0.6060
inverse_multiquadric_kernel,0.791,0.5924,0.6145,0.6060
inverse_multiquadric_kernel,0.796,0.5924,0.6145,0.6060
inverse_multiquadric_kernel,0.801,0.5924,0.6145,0.6060
inverse_multiquadric_kernel,0.806,0.5924,0.6145,0.6060
inverse_multiquadric_kernel,0.811,0.5924,0.6145,0.6060
inverse_multiquadric_kernel,0.816,0.5924,0.6145,0.6060
inverse_multiquadric_kernel,0.821,0.5924,0.6145,0.6060
inverse_multiquadric_kernel,0.826,0.5924,0.6145,0.6060
inverse_multiquadric_kernel,0.831,0.5924,0.6145,0.6060
inverse_multiquadric_kernel,0.836,0.5924,0.6145,0.6060
inverse_multiquadric_kernel,0.841,0.5924,0.6145,0.6060
inverse_multiquadric_kernel,0.846,0.5924,0.6145,0.6060
inverse_multiquadric_kernel,0.851,0.5924,0.6145,0.6060
inverse_multiquadric_kernel,0.856,0.5924,0.6145,0.6060
inverse_multiquadric_kernel,0.861,0.5924,0.6145,0.6060
inverse_multiquadric_kernel,0.866,0.5924,0.6145,0.6060
inverse_multiquadric_kernel,0.871,0.5924,0.6145,0.6060
inverse_multiquadric_kernel,0.876,0.5924,0.6145,0.6060
inverse_multiquadric_kernel,0.881,0.5924,0.6145,0.6060
inverse_multiquadric_kernel,0.886,0.5924,0.6145,0.6060
inverse_multiquadric_kernel,0.891,0.5924,0.6145,0.6060
inverse_multiquadric_kernel,0.896,0.5924,0.6145,0.6060
inverse_multiquadric_kernel,0.901,0.5924,0.6145,0.6060
inverse_multiquadric_kernel,0.906,0.5924,0.6145,0.6060
inverse_multiquadric_kernel,0.911,0.5924,0.6145,0.6060
inverse_multiquadric_kernel,0.916,0.5924,0.6145,0.6060
inverse_multiquadric_kernel,0.921,0.5924,0.6145,0.6060
inverse_multiquadric_kernel,0.926,0.5924,0.6145,0.6060
inverse_multiquadric_kernel,0.931,0.5924,0.6145,0.6060
inverse_multiquadric_kernel,0.936,0.5924,0.6145,0.6060
inverse_multiquadric_kernel,0.941,0.5924,0.6145,0.6060
inverse_multiquadric_kernel,0.946,0.5924,0.6145,0.6060
inverse_multiquadric_kernel,0.951,0.5924,0.6145,0.6060
inverse_multiquadric_kernel,0.956,0.5924,0.6145,0.6060
inverse_multiquadric_kernel,0.961,0.5924,0.6145,0.6060
inverse_multiquadric_kernel,0.966,0.5924,0.6145,0.6060
inverse_multiquadric_kernel,0.971,0.5924,0.6145,0.6060
inverse_multiquadric_kernel,0.976,0.5924,0.6145,0.6060
inverse_multiquadric_kernel,0.981,0.5924,0.6145,0.6060
inverse_multiquadric_kernel,0.986,0.5924,0.6145,0.6060
inverse_multiquadric_kernel,0.991,0.5924,0.6145,0.6060
inverse_multiquadric_kernel,0.996,0.5924,0.6145,0.6060
inverse_multiquadric_kernel,1.001,0.5924,0.6145,0.6060
inverse_multiquadric_kernel,1.006,0.5924,0.6145,0.6060
inverse_multiquadric_kernel,1.011,0.5924,0.6145,0.6060
inverse_multiquadric_kernel,1.016,0.5924,0.6145,0.6060
inverse_multiquadric_kernel,1.021,0.5924,0.6145,0.6060
inverse_multiquadric_kernel,1.026,0.5924,0.6145,0.6060
inverse_multiquadric_kernel,1.031,0.5924,0.6145,0.6060
inverse_multiquadric_kernel,1.036,0.5924,0.6145,0.6060
inverse_multiquadric_kernel,1.041,0.5924,0.6145,0.6060
inverse_multiquadric_kernel,1.046,0.5924,0.6145,0.6060
inverse_multiquadric_kernel,1.051,0.5924,0.6145,0.6060
inverse_multiquadric_kernel,1.056,0.5924,0.6145,0.6060
inverse_multiquadric_kernel,1.061,0.5924,0.6145,0.6060
inverse_multiquadric_kernel,1.066,0.5924,0.6145,0.6060
inverse_multiquadric_kernel,1.071,0.5924,0.6145,0.6060
inverse_multiquadric_kernel,1.076,0.5924,0.6145,0.6060
inverse_multiquadric_kernel,1.081,0.5924,0.6145,0.6060
inverse_multiquadric_kernel,1.086,0.5924,0.6145,0.6060
inverse_multiquadric_kernel,1.091,0.5924,0.6145,0.6060
inverse_multiquadric_kernel,1.096,0.5924,0.6145,0.6060
inverse_multiquadric_kernel,1.101,0.5924,0.6145,0.6060
inverse_multiquadric_kernel,1.106,0.5924,0.6145,0.6060
inverse_multiquadric_kernel,1.111,0.5924,0.6145,0.6060
inverse_multiquadric_kernel,1.116,0.5924,0.6145,0.6060
inverse_multiquadric_kernel,1.121,0.5924,0.6145,0.6060
inverse_multiquadric_kernel,1.126,0.5924,0.6145,0.6060
inverse_multiquadric_kernel,1.131,0.5924,0.6145,0.6060
inverse_multiquadric_kernel,1.136,0.5924,0.6145,0.6060
inverse_multiquadric_kernel,1.141,0.5924,0.6145,0.6060
inverse_multiquadric_kernel,1.146,0.5924,0.6145,0.6060
inverse_multiquadric_kernel,1.151,0.5924,0.6145,0.6060
inverse_multiquadric_kernel,1.156,0.5924,0.6145,0.6060
inverse_multiquadric_kernel,1.161,0.5924,0.6145,0.6060
inverse_multiquadric_kernel,1.166,0.5924,0.6145,0.6060
inverse_multiquadric_kernel,1.171,0.5924,0.6145,0.6060
inverse_multiquadric_kernel,1.176,0.5924,0.6145,0.6060
inverse_multiquadric_kernel,1.181,0.5924,0.6145,0.6060
inverse_multiquadric_kernel,1.186,0.5924,0.6145,0.6060
inverse_multiquadric_kernel,1.191,0.5924,0.6145,0.6060
inverse_multiquadric_kernel,1.196,0.5924,0.6145,0.6060
inverse_multiquadric_kernel,1.201,0.5924,0.6145,0.6060
inverse_multiquadric_kernel,1.206,0.5924,0.6145,0.6060
inverse_multiquadric_kernel,1.211,0.5924,0.6145,0.6060
inverse_multiquadric_kernel,1.216,0.5924,0.6145,0.6060
inverse_multiquadric_kernel,1.221,0.5924,0.6145,0.6060
inverse_multiquadric_kernel,1.226,0.5924,0.6145,0.6060
inverse_multiquadric_kernel,1.231,0.5924,0.6145,0.6060
inverse_multiquadric_kernel,1.236,0.5924,0.6145,0.6060
inverse_multiquadric_kernel,1.241,0.5924,0.6145,0.6060
inverse_multiquadric_kernel,1.246,0.5924,0.6145,0.6060
inverse_multiquadric_kernel,1.251,0.5924,0.6145,0.6060
inverse_multiquadric_kernel,1.256,0.5924,0.6145,0.6060
inverse_multiquadric_kernel,1.261,0.5924,0.6145,0.6060
inverse_multiquadric_kernel,1.266,0.5924,0.6145,0.6060
inverse_multiquadric_kernel,1.271,0.5924,0.6145,0.6060
inverse_multiquadric_kernel,1.276,0.5924,0.6145,0.6060
inverse_multiquadric_kernel,1.281,0.5924,0.6145,0.6060
inverse_multiquadric_kernel,1.286,0.5924,0.6145,0.6060
inverse_multiquadric_kernel,1.291,0.5924,0.6145,0.6060
inverse_multiquadric_kernel,1.296,0.5924,0.6145,0.6060
inverse_multiquadric_kernel,1.301,0.5924,0.6145,0.6060
inverse_multiquadric_kernel,1.306,0.5924,0.6145,0.6060
inverse_multiquadric_kernel,1.311,0.5924,0.6145,0.6060
inverse_multiquadric_kernel,1.316,0.5924,0.6145,0.6060
inverse_multiquadric_kernel,1.321,0.5924,0.6145,0.6060
inverse_multiquadric_kernel,1.326,0.5924,0.6145,0.6060
inverse_multiquadric_kernel,1.331,0.5924,0.6145,0.6060
inverse_multiquadric_kernel,1.336,0.5924,0.6145,0.6060
inverse_multiquadric_kernel,1.341,0.5924,0.6145,0.6060
inverse_multiquadric_kernel,1.346,0.5924,0.6145,0.6060
inverse_multiquadric_kernel,1.351,0.5924,0.6145,0.6060
inverse_multiquadric_kernel,1.356,0.5924,0.6145,0.6060
inverse_multiquadric_kernel,1.361,0.5924,0.6145,0.6060
inverse_multiquadric_kernel,1.366,0.5924,0.6145,0.6060
inverse_multiquadric_kernel,1.371,0.5924,0.6145,0.6060
inverse_multiquadric_kernel,1.376,0.5924,0.6145,0.6060
inverse_multiquadric_kernel,1.381,0.5924,0.6145,0.6060
inverse_multiquadric_kernel,1.386,0.5924,0.6145,0.6060
inverse_multiquadric_kernel,1.391,0.5924,0.6145,0.6060
inverse_multiquadric_kernel,1.396,0.5924,0.6145,0.6060
inverse_multiquadric_kernel,1.401,0.5924,0.6145,0.6060
inverse_multiquadric_kernel,1.406,0.5924,0.6145,0.6060
inverse_multiquadric_kernel,1.411,0.5924,0.6145,0.6060
inverse_multiquadric_kernel,1.416,0.5924,0.6145,0.6060
inverse_multiquadric_kernel,1.421,0.5924,0.6145,0.6060
inverse_multiquadric_kernel,1.426,0.5924,0.6145,0.6060
inverse_multiquadric_kernel,1.431,0.5924,0.6145,0.6060
inverse_multiquadric_kernel,1.436,0.5924,0.6145,0.6060
inverse_multiquadric_kernel,1.441,0.5924,0.6145,0.6060
inverse_multiquadric_kernel,1.446,0.5924,0.6145,0.6060
inverse_multiquadric_kernel,1.451,0.5924,0.6145,0.6060
inverse_multiquadric_kernel,1.456,0.5924,0.6145,0.6060
inverse_multiquadric_kernel,1.461,0.5924,0.6145,0.6060
inverse_multiquadric_kernel,1.466,0.5924,0.6145,0.6060
inverse_multiquadric_kernel,1.471,0.5924,0.6145,0.6060
inverse_multiquadric_kernel,1.476,0.5924,0.6145,0.6060
inverse_multiquadric_kernel,1.481,0.5924,0.6145,0.6060
inverse_multiquadric_kernel,1.486,0.5924,0.6145,0.6060
inverse_multiquadric_kernel,1.491,0.5924,0.6145,0.6060
inverse_multiquadric_kernel,1.496,0.5924,0.6145,0.6060
inverse_multiquadric_kernel,1.501,0.5924,0.6145,0.6060
inverse_multiquadric_kernel,1.506,0.5924,0.6145,0.6060
inverse_multiquadric_kernel,1.511,0.5924,0.6145,0.6060
inverse_multiquadric_kernel,1.516,0.5924,0.6145,0.6060
inverse_multiquadric_kernel,1.521,0.5924,0.6145,0.6060
inverse_multiquadric_kernel,1.526,0.5924,0.6145,0.6060
inverse_multiquadric_kernel,1.531,0.5924,0.6145,0.6060
inverse_multiquadric_kernel,1.536,0.5924,0.6145,0.6060
inverse_multiquadric_kernel,1.541,0.5924,0.6145,0.6060
inverse_multiquadric_kernel,1.546,0.5924,0.6145,0.6060
inverse_multiquadric_kernel,1.551,0.5924,0.6145,0.6060
inverse_multiquadric_kernel,1.556,0.5924,0.6145,0.6060
inverse_multiquadric_kernel,1.561,0.5924,0.6145,0.6060
inverse_multiquadric_kernel,1.566,0.5924,0.6145,0.6060
inverse_multiquadric_kernel,1.571,0.5924,0.6145,0.6060
inverse_multiquadric_kernel,1.576,0.5924,0.6145,0.6060
inverse_multiquadric_kernel,1.581,0.5924,0.6145,0.6060
inverse_multiquadric_kernel,1.586,0.5924,0.6145,0.6060
inverse_multiquadric_kernel,1.591,0.5924,0.6145,0.6060
inverse_multiquadric_kernel,1.596,0.5924,0.6145,0.6060
inverse_multiquadric_kernel,1.601,0.5924,0.6145,0.6060
inverse_multiquadric_kernel,1.606,0.5924,0.6145,0.6060
inverse_multiquadric_kernel,1.611,0.5924,0.6145,0.6060
inverse_multiquadric_kernel,1.616,0.5924,0.6145,0.6060
inverse_multiquadric_kernel,1.621,0.5924,0.6145,0.6060
inverse_multiquadric_kernel,1.626,0.5924,0.6145,0.6060
inverse_multiquadric_kernel,1.631,0.5924,0.6145,0.6060
inverse_multiquadric_kernel,1.636,0.5924,0.6145,0.6060
inverse_multiquadric_kernel,1.641,0.5924,0.6145,0.6060
inverse_multiquadric_kernel,1.646,0.5924,0.6145,0.6060
inverse_multiquadric_kernel,1.651,0.5924,0.6145,0.6060
inverse_multiquadric_kernel,1.656,0.5924,0.6145,0.6060
inverse_multiquadric_kernel,1.661,0.5924,0.6145,0.6060
inverse_multiquadric_kernel,1.666,0.5924,0.6145,0.6060
inverse_multiquadric_kernel,1.671,0.5924,0.6145,0.6060
inverse_multiquadric_kernel,1.676,0.5924,0.6145,0.6060
inverse_multiquadric_kernel,1.681,0.5924,0.6145,0.6060
inverse_multiquadric_kernel,1.686,0.5924,0.6145,0.6060
inverse_multiquadric_kernel,1.691,0.5924,0.6145,0.6060
inverse_multiquadric_kernel,1.696,0.5924,0.6145,0.6060
inverse_multiquadric_kernel,1.701,0.5924,0.6145,0.6060
inverse_multiquadric_kernel,1.706,0.5924,0.6145,0.6060
inverse_multiquadric_kernel,1.711,0.5924,0.6145,0.6060
inverse_multiquadric_kernel,1.716,0.5924,0.6145,0.6060
inverse_multiquadric_kernel,1.721,0.5924,0.6145,0.6060
inverse_multiquadric_kernel,1.726,0.5924,0.6145,0.6060
inverse_multiquadric_kernel,1.731,0.5924,0.6145,0.6060
inverse_multiquadric_kernel,1.736,0.5924,0.6145,0.6060
inverse_multiquadric_kernel,1.741,0.5924,0.6145,0.6060
inverse_multiquadric_kernel,1.746,0.5924,0.6145,0.6060
inverse_multiquadric_kernel,1.751,0.5924,0.6145,0.6060
inverse_multiquadric_kernel,1.756,0.5924,0.6145,0.6060
inverse_multiquadric_kernel,1.761,0.5924,0.6145,0.6060
inverse_multiquadric_kernel,1.766,0.5924,0.6145,0.6060
inverse_multiquadric_kernel,1.771,0.5924,0.6145,0.6060
inverse_multiquadric_kernel,1.776,0.5924,0.6145,0.6060
inverse_multiquadric_kernel,1.781,0.5924,0.6145,0.6060
inverse_multiquadric_kernel,1.786,0.5924,0.6145,0.6060
inverse_multiquadric_kernel,1.791,0.5924,0.6145,0.6060
inverse_multiquadric_kernel,1.796,0.5924,0.6145,0.6060
inverse_multiquadric_kernel,1.801,0.5924,0.6145,0.6060
inverse_multiquadric_kernel,1.806,0.5924,0.6145,0.6060
inverse_multiquadric_kernel,1.811,0.5924,0.6145,0.6060
inverse_multiquadric_kernel,1.816,0.5924,0.6145,0.6060
inverse_multiquadric_kernel,1.821,0.5924,0.6145,0.6060
inverse_multiquadric_kernel,1.826,0.5924,0.6145,0.6060
inverse_multiquadric_kernel,1.831,0.5924,0.6145,0.6060
inverse_multiquadric_kernel,1.836,0.5924,0.6145,0.6060
inverse_multiquadric_kernel,1.841,0.5924,0.6145,0.6060
inverse_multiquadric_kernel,1.846,0.5924,0.6145,0.6060
inverse_multiquadric_kernel,1.851,0.5924,0.6145,0.6060
inverse_multiquadric_kernel,1.856,0.5924,0.6145,0.6060
inverse_multiquadric_kernel,1.861,0.5924,0.6145,0.6060
inverse_multiquadric_kernel,1.866,0.5924,0.6145,0.6060
inverse_multiquadric_kernel,1.871,0.5924,0.6145,0.6060
inverse_multiquadric_kernel,1.876,0.5924,0.6145,0.6060
inverse_multiquadric_kernel,1.881,0.5924,0.6145,0.6060
inverse_multiquadric_kernel,1.886,0.5924,0.6145,0.6060
inverse_multiquadric_kernel,1.891,0.5924,0.6145,0.6060
inverse_multiquadric_kernel,1.896,0.5924,0.6145,0.6060
inverse_multiquadric_kernel,1.901,0.5924,0.6145,0.6060
inverse_multiquadric_kernel,1.906,0.5924,0.6145,0.6060
inverse_multiquadric_kernel,1.911,0.5924,0.6145,0.6060
inverse_multiquadric_kernel,1.916,0.5924,0.6145,0.6060
inverse_multiquadric_kernel,1.921,0.5924,0.6145,0.6060
inverse_multiquadric_kernel,1.926,0.5924,0.6145,0.6060
inverse_multiquadric_kernel,1.931,0.5924,0.6145,0.6060
inverse_multiquadric_kernel,1.936,0.5924,0.6145,0.6060
inverse_multiquadric_kernel,1.941,0.5924,0.6145,0.6060
inverse_multiquadric_kernel,1.946,0.5924,0.6145,0.6060
inverse_multiquadric_kernel,1.951,0.5924,0.6145,0.6060
inverse_multiquadric_kernel,1.956,0.5924,0.6145,0.6060
inverse_multiquadric_kernel,1.961,0.5924,0.6145,0.6060
inverse_multiquadric_kernel,1.966,0.5924,0.6145,0.6060
inverse_multiquadric_kernel,1.971,0.5924,0.6145,0.6060
inverse_multiquadric_kernel,1.976,0.5924,0.6145,0.6060
inverse_multiquadric_kernel,1.981,0.5924,0.6145,0.6060
inverse_multiquadric_kernel,1.986,0.5924,0.6145,0.6060
inverse_multiquadric_kernel,1.991,0.5924,0.6145,0.6060
inverse_multiquadric_kernel,1.996,0.5924,0.6145,0.6060
inverse_multiquadric_kernel,2.001,0.5924,0.6145,0.6060
epanechnikov_kernel,0.001,0.6370,0.6609,0.6518
epanechnikov_kernel,0.006,0.6533,0.6739,0.6655
epanechnikov_kernel,0.011,0.6576,0.6804,0.6731
epanechnikov_kernel,0.016,0.6630,0.6880,0.6790
epanechnikov_kernel,0.021,0.6728,0.6935,0.6855
epanechnikov_kernel,0.026,0.6750,0.6946,0.6881
epanechnikov_kernel,0.031,0.6761,0.7011,0.6912
epanechnikov_kernel,0.036,0.6804,0.7022,0.6931
epanechnikov_kernel,0.041,0.6815,0.7076,0.6968
epanechnikov_kernel,0.046,0.6859,0.7152,0.7018
epanechnikov_kernel,0.051,0.6913,0.7174,0.7051
epanechnikov_kernel,0.056,0.6946,0.7196,0.7070
epanechnikov_kernel,0.061,0.6957,0.7196,0.7077
epanechnikov_kernel,0.066,0.6957,0.7207,0.7094
epanechnikov_kernel,0.071,0.6978,0.7228,0.7118
epanechnikov_kernel,0.076,0.7000,0.7250,0.7133
epanechnikov_kernel,0.081,0.7022,0.7293,0.7170
epanechnikov_kernel,0.086,0.7043,0.7304,0.7185
epanechnikov_kernel,0.091,0.7076,0.7326,0.7211
epanechnikov_kernel,0.096,0.7076,0.7337,0.7218
epanechnikov_kernel,0.101,0.7076,0.7337,0.7218
epanechnikov_kernel,0.106,0.7076,0.7348,0.7229
epanechnikov_kernel,0.111,0.7098,0.7348,0.7238
epanechnikov_kernel,0.116,0.7130,0.7380,0.7255
epanechnikov_kernel,0.121,0.7163,0.7402,0.7277
epanechnikov_kernel,0.126,0.7185,0.7435,0.7294
epanechnikov_kernel,0.131,0.7217,0.7446,0.7311
epanechnikov_kernel,0.136,0.7217,0.7446,0.7311
epanechnikov_kernel,0.141,0.7228,0.7446,0.7322
epanechnikov_kernel,0.146,0.7228,0.7457,0.7325
epanechnikov_kernel,0.151,0.7228,0.7457,0.7329
epanechnikov_kernel,0.156,0.7228,0.7457,0.7335
epanechnikov_kernel,0.161,0.7228,0.7467,0.7344
epanechnikov_kernel,0.166,0.7239,0.7511,0.7355
epanechnikov_kernel,0.171,0.7261,0.7511,0.7361
epanechnikov_kernel,0.176,0.7261,0.7511,0.7364
epanechnikov_kernel,0.181,0.7272,0.7522,0.7374
epanechnikov_kernel,0.186,0.7283,0.7522,0.7377
epanechnikov_kernel,0.191,0.7304,0.7533,0.7385
epanechnikov_kernel,0.196,0.7304,0.7533,0.7392
epanechnikov_kernel,0.201,0.7318,0.7533,0.7401
epanechnikov_kernel,0.206,0.7318,0.7533,0.7403
epanechnikov_kernel,0.211,0.7318,0.7543,0.7407
epanechnikov_kernel,0.216,0.7329,0.7543,0.7414
epanechnikov_kernel,0.221,0.7337,0.7543,0.7418
epanechnikov_kernel,0.226,0.7337,0.7554,0.7420
epanechnikov_kernel,0.231,0.7337,0.7554,0.7429
epanechnikov_kernel,0.236,0.7337,0.7554,0.7431
epanechnikov_kernel,0.241,0.7348,0.7554,0.7431
epanechnikov_kernel,0.246,0.7348,0.7576,0.7435
epanechnikov_kernel,0.251,0.7359,0.7576,0.7444
epanechnikov_kernel,0.256,0.7359,0.7576,0.7444
epanechnikov_kernel,0.261,0.7359,0.7576,0.7446
epanechnikov_kernel,0.266,0.7370,0.7576,0.7453
epanechnikov_kernel,0.271,0.7380,0.7576,0.7461
epanechnikov_kernel,0.276,0.7391,0.7576,0.7466
epanechnikov_kernel,0.281,0.7391,0.7576,0.7466
epanechnikov_kernel,0.286,0.7391,0.7587,0.7468
epanechnikov_kernel,0.291,0.7391,0.7587,0.7470
epanechnikov_kernel,0.296,0.7402,0.7598,0.7485
epanechnikov_kernel,0.301,0.7413,0.7598,0.7494
epanechnikov_kernel,0.306,0.7435,0.7620,0.7514
epanechnikov_kernel,0.311,0.7438,0.7620,0.7518
epanechnikov_kernel,0.316,0.7438,0.7620,0.7524
epanechnikov_kernel,0.321,0.7438,0.7620,0.7527
epanechnikov_kernel,0.326,0.7438,0.7620,0.7527
epanechnikov_kernel,0.331,0.7438,0.7620,0.7527
epanechnikov_kernel,0.336,0.7438,0.7641,0.7531
epanechnikov_kernel,0.341,0.7438,0.7641,0.7533
epanechnikov_kernel,0.346,0.7438,0.7641,0.7533
epanechnikov_kernel,0.351,0.7438,0.7641,0.7533
epanechnikov_kernel,0.356,0.7438,0.7641,0.7533
epanechnikov_kernel,0.361,0.7438,0.7641,0.7542
epanechnikov_kernel,0.366,0.7438,0.7641,0.7542
epanechnikov_kernel,0.371,0.7448,0.7663,0.7551
epanechnikov_kernel,0.376,0.7459,0.7663,0.7559
epanechnikov_kernel,0.381,0.7459,0.7663,0.7559
epanechnikov_kernel,0.386,0.7459,0.7663,0.7559
epanechnikov_kernel,0.391,0.7459,0.7663,0.7559
epanechnikov_kernel,0.396,0.7459,0.7663,0.7559
epanechnikov_kernel,0.401,0.7470,0.7663,0.7561
epanechnikov_kernel,0.406,0.7470,0.7663,0.7561
epanechnikov_kernel,0.411,0.7492,0.7674,0.7577
epanechnikov_kernel,0.416,0.7492,0.7674,0.7579
epanechnikov_kernel,0.421,0.7492,0.7674,0.7579
epanechnikov_kernel,0.426,0.7503,0.7685,0.7583
epanechnikov_kernel,0.431,0.7503,0.7685,0.7583
epanechnikov_kernel,0.436,0.7524,0.7696,0.7601
epanechnikov_kernel,0.441,0.7524,0.7696,0.7603
epanechnikov_kernel,0.446,0.7535,0.7696,0.7607
epanechnikov_kernel,0.451,0.7535,0.7696,0.7607
epanechnikov_kernel,0.456,0.7535,0.7696,0.7609
epanechnikov_kernel,0.461,0.7535,0.7696,0.7609
epanechnikov_kernel,0.466,0.7535,0.7696,0.7614
epanechnikov_kernel,0.471,0.7535,0.7717,0.7622
epanechnikov_kernel,0.476,0.7535,0.7717,0.7622
epanechnikov_kernel,0.481,0.7554,0.7707,0.7624
epanechnikov_kernel,0.486,0.7554,0.7707,0.7624
epanechnikov_kernel,0.491,0.7546,0.7707,0.7627
epanechnikov_kernel,0.496,0.7546,0.7707,0.7633
epanechnikov_kernel,0.501,0.7546,0.7717,0.7637
epanechnikov_kernel,0.506,0.7546,0.7728,0.7644
epanechnikov_kernel,0.511,0.7546,0.7739,0.7648
epanechnikov_kernel,0.516,0.7546,0.7750,0.7653
epanechnikov_kernel,0.521,0.7557,0.7750,0.7657
epanechnikov_kernel,0.526,0.7557,0.7750,0.7661
epanechnikov_kernel,0.531,0.7568,0.7750,0.7666
epanechnikov_kernel,0.536,0.7579,0.7750,0.7668
epanechnikov_kernel,0.541,0.7579,0.7750,0.7668
epanechnikov_kernel,0.546,0.7579,0.7750,0.7670
epanechnikov_kernel,0.551,0.7579,0.7750,0.7674
epanechnikov_kernel,0.556,0.7579,0.7750,0.7674
epanechnikov_kernel,0.561,0.7590,0.7750,0.7677
epanechnikov_kernel,0.566,0.7590,0.7750,0.7677
epanechnikov_kernel,0.571,0.7600,0.7772,0.7687
epanechnikov_kernel,0.576,0.7600,0.7772,0.7687
epanechnikov_kernel,0.581,0.7611,0.7772,0.7694
epanechnikov_kernel,0.586,0.7622,0.7772,0.7696
epanechnikov_kernel,0.591,0.7622,0.7783,0.7701
epanechnikov_kernel,0.596,0.7622,0.7793,0.7705
epanechnikov_kernel,0.601,0.7622,0.7793,0.7705
epanechnikov_kernel,0.606,0.7622,0.7793,0.7705
epanechnikov_kernel,0.611,0.7622,0.7793,0.7711
epanechnikov_kernel,0.616,0.7622,0.7793,0.7714
epanechnikov_kernel,0.621,0.7622,0.7793,0.7724
epanechnikov_kernel,0.626,0.7633,0.7804,0.7731
epanechnikov_kernel,0.631,0.7633,0.7804,0.7731
epanechnikov_kernel,0.636,0.7633,0.7804,0.7733
epanechnikov_kernel,0.641,0.7633,0.7793,0.7731
epanechnikov_kernel,0.646,0.7633,0.7804,0.7733
epanechnikov_kernel,0.651,0.7633,0.7804,0.7740
epanechnikov_kernel,0.656,0.7633,0.7826,0.7748
epanechnikov_kernel,0.661,0.7633,0.7826,0.7748
epanechnikov_kernel,0.666,0.7633,0.7826,0.7748
epanechnikov_kernel,0.671,0.7655,0.7826,0.7757
epanechnikov_kernel,0.676,0.7655,0.7826,0.7761
epanechnikov_kernel,0.681,0.7655,0.7837,0.7759
epanechnikov_kernel,0.686,0.7655,0.7837,0.7759
epanechnikov_kernel,0.691,0.7655,0.7837,0.7761
epanechnikov_kernel,0.696,0.7655,0.7837,0.7764
epanechnikov_kernel,0.701,0.7655,0.7837,0.7761
epanechnikov_kernel,0.706,0.7655,0.7848,0.7764
epanechnikov_kernel,0.711,0.7655,0.7848,0.7770
epanechnikov_kernel,0.716,0.7666,0.7848,0.7774
epanechnikov_kernel,0.721,0.7666,0.7859,0.7777
epanechnikov_kernel,0.726,0.7666,0.7859,0.7777
epanechnikov_kernel,0.731,0.7676,0.7859,0.7781
epanechnikov_kernel,0.736,0.7687,0.7859,0.7790
epanechnikov_kernel,0.741,0.7687,0.7859,0.7790
epanechnikov_kernel,0.746,0.7687,0.7859,0.7790
epanechnikov_kernel,0.751,0.7687,0.7870,0.7794
epanechnikov_kernel,0.756,0.7687,0.7870,0.7794
epanechnikov_kernel,0.761,0.7687,0.7870,0.7794
epanechnikov_kernel,0.766,0.7698,0.7880,0.7801
epanechnikov_kernel,0.771,0.7698,0.7902,0.7807
epanechnikov_kernel,0.776,0.7698,0.7902,0.7807
epanechnikov_kernel,0.781,0.7709,0.7913,0.7811
epanechnikov_kernel,0.786,0.7709,0.7913,0.7811
epanechnikov_kernel,0.791,0.7709,0.7913,0.7811
epanechnikov_kernel,0.796,0.7709,0.7924,0.7814
epanechnikov_kernel,0.801,0.7709,0.7935,0.7818
epanechnikov_kernel,0.806,0.7709,0.7935,0.7822
epanechnikov_kernel,0.811,0.7709,0.7935,0.7822
epanechnikov_kernel,0.816,0.7709,0.7935,0.7827
epanechnikov_kernel,0.821,0.7709,0.7946,0.7829
epanechnikov_kernel,0.826,0.7709,0.7946,0.7829
epanechnikov_kernel,0.831,0.7709,0.7946,0.7829
epanechnikov_kernel,0.836,0.7709,0.7946,0.7829
epanechnikov_kernel,0.841,0.7720,0.7946,0.7831
epanechnikov_kernel,0.846,0.7731,0.7946,0.7837
epanechnikov_kernel,0.851,0.7731,0.7946,0.7837
epanechnikov_kernel,0.856,0.7731,0.7957,0.7840
epanechnikov_kernel,0.861,0.7731,0.7967,0.7842
epanechnikov_kernel,0.866,0.7731,0.7967,0.7844
epanechnikov_kernel,0.871,0.7731,0.7967,0.7844
epanechnikov_kernel,0.876,0.7731,0.7967,0.7848
epanechnikov_kernel,0.881,0.7731,0.7967,0.7848
epanechnikov_kernel,0.886,0.7720,0.7967,0.7848
epanechnikov_kernel,0.891,0.7720,0.7967,0.7850
epanechnikov_kernel,0.896,0.7720,0.7967,0.7850
epanechnikov_kernel,0.901,0.7720,0.7967,0.7850
epanechnikov_kernel,0.906,0.7731,0.7967,0.7855
epanechnikov_kernel,0.911,0.7731,0.7967,0.7855
epanechnikov_kernel,0.916,0.7731,0.7978,0.7857
epanechnikov_kernel,0.921,0.7731,0.7978,0.7857
epanechnikov_kernel,0.926,0.7731,0.7978,0.7859
epanechnikov_kernel,0.931,0.7742,0.7978,0.7866
epanechnikov_kernel,0.936,0.7752,0.7978,0.7868
epanechnikov_kernel,0.941,0.7752,0.7978,0.7877
epanechnikov_kernel,0.946,0.7752,0.7978,0.7877
epanechnikov_kernel,0.951,0.7752,0.7989,0.7877
epanechnikov_kernel,0.956,0.7785,0.8000,0.7887
epanechnikov_kernel,0.961,0.7785,0.8011,0.7892
epanechnikov_kernel,0.966,0.7785,0.8011,0.7894
epanechnikov_kernel,0.971,0.7785,0.8011,0.7894
epanechnikov_kernel,0.976,0.7785,0.8011,0.7894
epanechnikov_kernel,0.981,0.7785,0.8011,0.7896
epanechnikov_kernel,0.986,0.7774,0.8011,0.7896
epanechnikov_kernel,0.991,0.7774,0.8011,0.7900
epanechnikov_kernel,0.996,0.7785,0.8011,0.7903
epanechnikov_kernel,1.001,0.7785,0.8011,0.7903
epanechnikov_kernel,1.006,0.7785,0.8000,0.7900
epanechnikov_kernel,1.011,0.7785,0.8011,0.7905
epanechnikov_kernel,1.016,0.7774,0.8011,0.7903
epanechnikov_kernel,1.021,0.7774,0.8011,0.7903
epanechnikov_kernel,1.026,0.7774,0.8022,0.7905
epanechnikov_kernel,1.031,0.7774,0.8022,0.7905
epanechnikov_kernel,1.036,0.7774,0.8022,0.7907
epanechnikov_kernel,1.041,0.7774,0.8033,0.7916
epanechnikov_kernel,1.046,0.7774,0.8033,0.7922
epanechnikov_kernel,1.051,0.7774,0.8033,0.7922
epanechnikov_kernel,1.056,0.7774,0.8033,0.7924
epanechnikov_kernel,1.061,0.7774,0.8043,0.7927
epanechnikov_kernel,1.066,0.7785,0.8043,0.7931
epanechnikov_kernel,1.071,0.7785,0.8054,0.7935
epanechnikov_kernel,1.076,0.7785,0.8054,0.7937
epanechnikov_kernel,1.081,0.7785,0.8054,0.7937
epanechnikov_kernel,1.086,0.7785,0.8054,0.7937
epanechnikov_kernel,1.091,0.7796,0.8054,0.7940
epanechnikov_kernel,1.096,0.7796,0.8054,0.7942
epanechnikov_kernel,1.101,0.7796,0.8054,0.7944
epanechnikov_kernel,1.106,0.7796,0.8054,0.7944
epanechnikov_kernel,1.111,0.7796,0.8054,0.7946
epanechnikov_kernel,1.116,0.7796,0.8065,0.7950
epanechnikov_kernel,1.121,0.7796,0.8054,0.7946
epanechnikov_kernel,1.126,0.7807,0.8054,0.7948
epanechnikov_kernel,1.131,0.7807,0.8054,0.7953
epanechnikov_kernel,1.136,0.7818,0.8054,0.7957
epanechnikov_kernel,1.141,0.7818,0.8065,0.7959
epanechnikov_kernel,1.146,0.7807,0.8065,0.7957
epanechnikov_kernel,1.151,0.7818,0.8065,0.7959
epanechnikov_kernel,1.156,0.7818,0.8065,0.7957
epanechnikov_kernel,1.161,0.7818,0.8076,0.7961
epanechnikov_kernel,1.166,0.7818,0.8076,0.7961
epanechnikov_kernel,1.171,0.7818,0.8087,0.7966
epanechnikov_kernel,1.176,0.7818,0.8087,0.7966
epanechnikov_kernel,1.181,0.7828,0.8087,0.7966
epanechnikov_kernel,1.186,0.7828,0.8087,0.7966
epanechnikov_kernel,1.191,0.7839,0.8087,0.7970
epanechnikov_kernel,1.196,0.7839,0.8087,0.7970
epanechnikov_kernel,1.201,0.7839,0.8087,0.7972
epanechnikov_kernel,1.206,0.7839,0.8087,0.7972
epanechnikov_kernel,1.211,0.7839,0.8087,0.7972
epanechnikov_kernel,1.216,0.7839,0.8087,0.7972
epanechnikov_kernel,1.221,0.7839,0.8098,0.7977
epanechnikov_kernel,1.226,0.7839,0.8098,0.7977
epanechnikov_kernel,1.231,0.7839,0.8098,0.7977
epanechnikov_kernel,1.236,0.7828,0.8098,0.7983
epanechnikov_kernel,1.241,0.7839,0.8098,0.7985
epanechnikov_kernel,1.246,0.7839,0.8098,0.7987
epanechnikov_kernel,1.251,0.7839,0.8098,0.7987
epanechnikov_kernel,1.256,0.7839,0.8098,0.7990
epanechnikov_kernel,1.261,0.7839,0.8098,0.7992
epanechnikov_kernel,1.266,0.7839,0.8098,0.7990
epanechnikov_kernel,1.271,0.7839,0.8098,0.7990
epanechnikov_kernel,1.276,0.7839,0.8098,0.7994
epanechnikov_kernel,1.281,0.7850,0.8098,0.7996
epanechnikov_kernel,1.286,0.7850,0.8098,0.7998
epanechnikov_kernel,1.291,0.7850,0.8109,0.8005
epanechnikov_kernel,1.296,0.7850,0.8109,0.8011
epanechnikov_kernel,1.301,0.7861,0.8109,0.8016
epanechnikov_kernel,1.306,0.7872,0.8109,0.8018
epanechnikov_kernel,1.311,0.7872,0.8098,0.8018
epanechnikov_kernel,1.316,0.7883,0.8098,0.8022
epanechnikov_kernel,1.321,0.7883,0.8098,0.8022
epanechnikov_kernel,1.326,0.7872,0.8098,0.8020
epanechnikov_kernel,1.331,0.7872,0.8141,0.8027
epanechnikov_kernel,1.336,0.7872,0.8141,0.8024
epanechnikov_kernel,1.341,0.7872,0.8141,0.8031
epanechnikov_kernel,1.346,0.7872,0.8141,0.8033
epanechnikov_kernel,1.351,0.7872,0.8141,0.8033
epanechnikov_kernel,1.356,0.7883,0.8130,0.8037
epanechnikov_kernel,1.361,0.7883,0.8130,0.8040
epanechnikov_kernel,1.366,0.7883,0.8130,0.8040
epanechnikov_kernel,1.371,0.7883,0.8130,0.8040
epanechnikov_kernel,1.376,0.7883,0.8130,0.8037
epanechnikov_kernel,1.381,0.7883,0.8141,0.8044
epanechnikov_kernel,1.386,0.7883,0.8141,0.8044
epanechnikov_kernel,1.391,0.7883,0.8152,0.8046
epanechnikov_kernel,1.396,0.7883,0.8163,0.8048
epanechnikov_kernel,1.401,0.7872,0.8163,0.8050
epanechnikov_kernel,1.406,0.7872,0.8163,0.8050
epanechnikov_kernel,1.411,0.7883,0.8174,0.8055
epanechnikov_kernel,1.416,0.7883,0.8174,0.8055
epanechnikov_kernel,1.421,0.7883,0.8174,0.8057
epanechnikov_kernel,1.426,0.7883,0.8185,0.8059
epanechnikov_kernel,1.431,0.7894,0.8185,0.8061
epanechnikov_kernel,1.436,0.7894,0.8185,0.8061
epanechnikov_kernel,1.441,0.7894,0.8185,0.8061
epanechnikov_kernel,1.446,0.7894,0.8185,0.8061
epanechnikov_kernel,1.451,0.7894,0.8185,0.8061
epanechnikov_kernel,1.456,0.7894,0.8185,0.8064
epanechnikov_kernel,1.461,0.7894,0.8185,0.8064
epanechnikov_kernel,1.466,0.7894,0.8185,0.8066
epanechnikov_kernel,1.471,0.7904,0.8185,0.8068
epanechnikov_kernel,1.476,0.7904,0.8185,0.8072
epanechnikov_kernel,1.481,0.7904,0.8196,0.8079
epanechnikov_kernel,1.486,0.7904,0.8196,0.8079
epanechnikov_kernel,1.491,0.7904,0.8196,0.8085
epanechnikov_kernel,1.496,0.7904,0.8196,0.8085
epanechnikov_kernel,1.501,0.7926,0.8196,0.8092
epanechnikov_kernel,1.506,0.7926,0.8207,0.8094
epanechnikov_kernel,1.511,0.7926,0.8207,0.8094
epanechnikov_kernel,1.516,0.7926,0.8207,0.8096
epanechnikov_kernel,1.521,0.7937,0.8207,0.8103
epanechnikov_kernel,1.526,0.7937,0.8207,0.8103
epanechnikov_kernel,1.531,0.7937,0.8217,0.8107
epanechnikov_kernel,1.536,0.7948,0.8217,0.8111
epanechnikov_kernel,1.541,0.7948,0.8228,0.8116
epanechnikov_kernel,1.546,0.7959,0.8228,0.8122
epanechnikov_kernel,1.551,0.7959,0.8228,0.8122
epanechnikov_kernel,1.556,0.7959,0.8239,0.8124
epanechnikov_kernel,1.561,0.7959,0.8239,0.8122
epanechnikov_kernel,1.566,0.7959,0.8239,0.8122
epanechnikov_kernel,1.571,0.7959,0.8239,0.8122
epanechnikov_kernel,1.576,0.7948,0.8239,0.8122
epanechnikov_kernel,1.581,0.7959,0.8239,0.8127
epanechnikov_kernel,1.586,0.7959,0.8239,0.8127
epanechnikov_kernel,1.591,0.7970,0.8239,0.8131
epanechnikov_kernel,1.596,0.7970,0.8239,0.8129
epanechnikov_kernel,1.601,0.7970,0.8239,0.8129
epanechnikov_kernel,1.606,0.7970,0.8239,0.8131
epanechnikov_kernel,1.611,0.7970,0.8239,0.8131
epanechnikov_kernel,1.616,0.7970,0.8239,0.8131
epanechnikov_kernel,1.621,0.7970,0.8239,0.8131
epanechnikov_kernel,1.626,0.7980,0.8228,0.8131
epanechnikov_kernel,1.631,0.7980,0.8228,0.8133
epanechnikov_kernel,1.636,0.7970,0.8217,0.8129
epanechnikov_kernel,1.641,0.7991,0.8217,0.8133
epanechnikov_kernel,1.646,0.7991,0.8217,0.8135
epanechnikov_kernel,1.651,0.7991,0.8217,0.8135
epanechnikov_kernel,1.656,0.7991,0.8228,0.8142
epanechnikov_kernel,1.661,0.8002,0.8217,0.8144
epanechnikov_kernel,1.666,0.8002,0.8228,0.8144
epanechnikov_kernel,1.671,0.8002,0.8228,0.8142
epanechnikov_kernel,1.676,0.8002,0.8217,0.8140
epanechnikov_kernel,1.681,0.8002,0.8217,0.8137
epanechnikov_kernel,1.686,0.8002,0.8217,0.8142
epanechnikov_kernel,1.691,0.8002,0.8217,0.8142
epanechnikov_kernel,1.696,0.8002,0.8217,0.8148
epanechnikov_kernel,1.701,0.8013,0.8217,0.8150
epanechnikov_kernel,1.706,0.8013,0.8228,0.8153
epanechnikov_kernel,1.711,0.8013,0.8239,0.8155
epanechnikov_kernel,1.716,0.8013,0.8239,0.8155
epanechnikov_kernel,1.721,0.8002,0.8228,0.8150
epanechnikov_kernel,1.726,0.8002,0.8228,0.8150
epanechnikov_kernel,1.731,0.8002,0.8228,0.8150
epanechnikov_kernel,1.736,0.8002,0.8228,0.8153
epanechnikov_kernel,1.741,0.8013,0.8228,0.8153
epanechnikov_kernel,1.746,0.8013,0.8228,0.8150
epanechnikov_kernel,1.751,0.8035,0.8228,0.8155
epanechnikov_kernel,1.756,0.8024,0.8228,0.8150
epanechnikov_kernel,1.761,0.8024,0.8228,0.8148
epanechnikov_kernel,1.766,0.8024,0.8228,0.8150
epanechnikov_kernel,1.771,0.8024,0.8228,0.8155
epanechnikov_kernel,1.776,0.8024,0.8239,0.8155
epanechnikov_kernel,1.781,0.8024,0.8239,0.8155
epanechnikov_kernel,1.786,0.8024,0.8239,0.8155
epanechnikov_kernel,1.791,0.8024,0.8239,0.8155
epanechnikov_kernel,1.796,0.8024,0.8250,0.8161
epanechnikov_kernel,1.801,0.8024,0.8250,0.8161
epanechnikov_kernel,1.806,0.8024,0.8250,0.8166
epanechnikov_kernel,1.811,0.8024,0.8250,0.8163
epanechnikov_kernel,1.816,0.8035,0.8261,0.8170
epanechnikov_kernel,1.821,0.8035,0.8261,0.8170
epanechnikov_kernel,1.826,0.8035,0.8261,0.8170
epanechnikov_kernel,1.831,0.8035,0.8261,0.8174
epanechnikov_kernel,1.836,0.8035,0.8261,0.8177
epanechnikov_kernel,1.841,0.8046,0.8272,0.8185
epanechnikov_kernel,1.846,0.8046,0.8250,0.8181
epanechnikov_kernel,1.851,0.8046,0.8250,0.8185
epanechnikov_kernel,1.856,0.8046,0.8250,0.8185
epanechnikov_kernel,1.861,0.8056,0.8250,0.8185
epanechnikov_kernel,1.866,0.8056,0.8250,0.8185
epanechnikov_kernel,1.871,0.8056,0.8250,0.8183
epanechnikov_kernel,1.876,0.8056,0.8261,0.8190
epanechnikov_kernel,1.881,0.8056,0.8261,0.8194
epanechnikov_kernel,1.886,0.8056,0.8261,0.8192
epanechnikov_kernel,1.891,0.8067,0.8283,0.8200
epanechnikov_kernel,1.896,0.8067,0.8293,0.8207
epanechnikov_kernel,1.901,0.8067,0.8293,0.8205
epanechnikov_kernel,1.906,0.8067,0.8293,0.8205
epanechnikov_kernel,1.911,0.8067,0.8293,0.8200
epanechnikov_kernel,1.916,0.8078,0.8293,0.8200
epanechnikov_kernel,1.921,0.8078,0.8293,0.8200
epanechnikov_kernel,1.926,0.8078,0.8293,0.8200
epanechnikov_kernel,1.931,0.8078,0.8293,0.8198
epanechnikov_kernel,1.936,0.8078,0.8304,0.8203
epanechnikov_kernel,1.941,0.8078,0.8304,0.8200
epanechnikov_kernel,1.946,0.8078,0.8304,0.8200
epanechnikov_kernel,1.951,0.8078,0.8293,0.8198
epanechnikov_kernel,1.956,0.8078,0.8293,0.8198
epanechnikov_kernel,1.961,0.8078,0.8293,0.8198
epanechnikov_kernel,1.966,0.8078,0.8293,0.8200
epanechnikov_kernel,1.971,0.8078,0.8293,0.8200
epanechnikov_kernel,1.976,0.8078,0.8293,0.8200
epanechnikov_kernel,1.981,0.8078,0.8293,0.8198
epanechnikov_kernel,1.986,0.8089,0.8293,0.8203
epanechnikov_kernel,1.991,0.8089,0.8293,0.8205
epanechnikov_kernel,1.996,0.8089,0.8293,0.8209
epanechnikov_kernel,2.001,0.8089,0.8293,0.8209
triangular_kernel,0.001,0.6370,0.6609,0.6518
triangular_kernel,0.006,0.6533,0.6739,0.6655
triangular_kernel,0.011,0.6576,0.6804,0.6731
triangular_kernel,0.016,0.6630,0.6880,0.6790
triangular_kernel,0.021,0.6728,0.6935,0.6855
triangular_kernel,0.026,0.6750,0.6946,0.6881
triangular_kernel,0.031,0.6761,0.7011,0.6912
triangular_kernel,0.036,0.6804,0.7022,0.6931
triangular_kernel,0.041,0.6815,0.7076,0.6966
triangular_kernel,0.046,0.6870,0.7152,0.7020
triangular_kernel,0.051,0.6913,0.7174,0.7051
triangular_kernel,0.056,0.6946,0.7196,0.7070
triangular_kernel,0.061,0.6957,0.7196,0.7077
triangular_kernel,0.066,0.6957,0.7207,0.7094
triangular_kernel,0.071,0.6978,0.7228,0.7118
triangular_kernel,0.076,0.7000,0.7250,0.7133
triangular_kernel,0.081,0.7022,0.7293,0.7170
triangular_kernel,0.086,0.7043,0.7304,0.7185
triangular_kernel,0.091,0.7076,0.7326,0.7211
triangular_kernel,0.096,0.7076,0.7337,0.7218
triangular_kernel,0.101,0.7076,0.7337,0.7218
triangular_kernel,0.106,0.7076,0.7348,0.7229
triangular_kernel,0.111,0.7098,0.7348,0.7238
triangular_kernel,0.116,0.7130,0.7380,0.7255
triangular_kernel,0.121,0.7163,0.7402,0.7277
triangular_kernel,0.126,0.7185,0.7435,0.7294
triangular_kernel,0.131,0.7217,0.7446,0.7309
triangular_kernel,0.136,0.7217,0.7446,0.7311
triangular_kernel,0.141,0.7228,0.7446,0.7322
triangular_kernel,0.146,0.7228,0.7457,0.7325
triangular_kernel,0.151,0.7228,0.7457,0.7329
triangular_kernel,0.156,0.7228,0.7457,0.7335
triangular_kernel,0.161,0.7228,0.7467,0.7344
triangular_kernel,0.166,0.7239,0.7511,0.7355
triangular_kernel,0.171,0.7261,0.7511,0.7361
triangular_kernel,0.176,0.7261,0.7511,0.7364
triangular_kernel,0.181,0.7272,0.7522,0.7374
triangular_kernel,0.186,0.7283,0.7522,0.7377
triangular_kernel,0.191,0.7304,0.7533,0.7385
triangular_kernel,0.196,0.7304,0.7533,0.7392
triangular_kernel,0.201,0.7318,0.7533,0.7401
triangular_kernel,0.206,0.7318,0.7533,0.7403
triangular_kernel,0.211,0.7318,0.7543,0.7407
triangular_kernel,0.216,0.7329,0.7543,0.7414
triangular_kernel,0.221,0.7337,0.7543,0.7418
triangular_kernel,0.226,0.7337,0.7554,0.7420
triangular_kernel,0.231,0.7337,0.7554,0.7429
triangular_kernel,0.236,0.7337,0.7554,0.7431
triangular_kernel,0.241,0.7348,0.7554,0.7433
triangular_kernel,0.246,0.7348,0.7576,0.7438
triangular_kernel,0.251,0.7359,0.7576,0.7446
triangular_kernel,0.256,0.7359,0.7576,0.7446
triangular_kernel,0.261,0.7359,0.7576,0.7446
triangular_kernel,0.266,0.7370,0.7576,0.7453
triangular_kernel,0.271,0.7380,0.7576,0.7461
triangular_kernel,0.276,0.7380,0.7576,0.7464
triangular_kernel,0.281,0.7380,0.7576,0.7464
triangular_kernel,0.286,0.7380,0.7587,0.7466
triangular_kernel,0.291,0.7391,0.7587,0.7470
triangular_kernel,0.296,0.7402,0.7598,0.7485
triangular_kernel,0.301,0.7413,0.7598,0.7494
triangular_kernel,0.306,0.7435,0.7620,0.7514
triangular_kernel,0.311,0.7438,0.7620,0.7518
triangular_kernel,0.316,0.7438,0.7620,0.7524
triangular_kernel,0.321,0.7438,0.7620,0.7527
triangular_kernel,0.326,0.7438,0.7620,0.7527
triangular_kernel,0.331,0.7438,0.7620,0.7527
triangular_kernel,0.336,0.7438,0.7641,0.7531
triangular_kernel,0.341,0.7438,0.7641,0.7533
triangular_kernel,0.346,0.7438,0.7641,0.7533
triangular_kernel,0.351,0.7438,0.7641,0.7533
triangular_kernel,0.356,0.7438,0.7641,0.7533
triangular_kernel,0.361,0.7438,0.7641,0.7542
triangular_kernel,0.366,0.7438,0.7641,0.7542
triangular_kernel,0.371,0.7448,0.7663,0.7551
triangular_kernel,0.376,0.7459,0.7663,0.7559
triangular_kernel,0.381,0.7459,0.7663,0.7559
triangular_kernel,0.386,0.7459,0.7663,0.7559
triangular_kernel,0.391,0.7459,0.7663,0.7559
triangular_kernel,0.396,0.7459,0.7663,0.7559
triangular_kernel,0.401,0.7459,0.7663,0.7559
triangular_kernel,0.406,0.7459,0.7663,0.7559
triangular_kernel,0.411,0.7481,0.7674,0.7574
triangular_kernel,0.416,0.7481,0.7674,0.7577
triangular_kernel,0.421,0.7481,0.7674,0.7577
triangular_kernel,0.426,0.7492,0.7685,0.7581
triangular_kernel,0.431,0.7492,0.7685,0.7581
triangular_kernel,0.436,0.7514,0.7696,0.7598
triangular_kernel,0.441,0.7524,0.7696,0.7605
triangular_kernel,0.446,0.7535,0.7696,0.7607
triangular_kernel,0.451,0.7535,0.7696,0.7607
triangular_kernel,0.456,0.7535,0.7696,0.7609
triangular_kernel,0.461,0.7535,0.7696,0.7609
triangular_kernel,0.466,0.7535,0.7696,0.7614
triangular_kernel,0.471,0.7535,0.7717,0.7622
triangular_kernel,0.476,0.7535,0.7717,0.7622
triangular_kernel,0.481,0.7554,0.7707,0.7624
triangular_kernel,0.486,0.7554,0.7707,0.7624
triangular_kernel,0.491,0.7557,0.7707,0.7629
triangular_kernel,0.496,0.7557,0.7707,0.7635
triangular_kernel,0.501,0.7557,0.7717,0.7640
triangular_kernel,0.506,0.7546,0.7728,0.7644
triangular_kernel,0.511,0.7546,0.7739,0.7648
triangular_kernel,0.516,0.7546,0.7750,0.7653
triangular_kernel,0.521,0.7557,0.7750,0.7657
triangular_kernel,0.526,0.7557,0.7750,0.7661
triangular_kernel,0.531,0.7568,0.7750,0.7666
triangular_kernel,0.536,0.7579,0.7750,0.7668
triangular_kernel,0.541,0.7579,0.7750,0.7668
triangular_kernel,0.546,0.7579,0.7750,0.7670
triangular_kernel,0.551,0.7579,0.7750,0.7674
triangular_kernel,0.556,0.7579,0.7750,0.7674
triangular_kernel,0.561,0.7590,0.7750,0.7677
triangular_kernel,0.566,0.7590,0.7750,0.7677
triangular_kernel,0.571,0.7600,0.7772,0.7687
triangular_kernel,0.576,0.7600,0.7772,0.7687
triangular_kernel,0.581,0.7611,0.7772,0.7694
triangular_kernel,0.586,0.7622,0.7772,0.7696
triangular_kernel,0.591,0.7622,0.7783,0.7701
triangular_kernel,0.596,0.7622,0.7793,0.7705
triangular_kernel,0.601,0.7622,0.7793,0.7705
triangular_kernel,0.606,0.7622,0.7793,0.7707
triangular_kernel,0.611,0.7622,0.7793,0.7711
triangular_kernel,0.616,0.7622,0.7793,0.7714
triangular_kernel,0.621,0.7622,0.7793,0.7724
triangular_kernel,0.626,0.7633,0.7804,0.7731
triangular_kernel,0.631,0.7633,0.7804,0.7731
triangular_kernel,0.636,0.7633,0.7804,0.7733
triangular_kernel,0.641,0.7633,0.7793,0.7731
triangular_kernel,0.646,0.7633,0.7804,0.7733
triangular_kernel,0.651,0.7633,0.7804,0.7740
triangular_kernel,0.656,0.7633,0.7826,0.7748
triangular_kernel,0.661,0.7633,0.7826,0.7748
triangular_kernel,0.666,0.7633,0.7826,0.7748
triangular_kernel,0.671,0.7655,0.7826,0.7757
triangular_kernel,0.676,0.7655,0.7826,0.7761
triangular_kernel,0.681,0.7655,0.7837,0.7759
triangular_kernel,0.686,0.7655,0.7837,0.7759
triangular_kernel,0.691,0.7655,0.7837,0.7761
triangular_kernel,0.696,0.7655,0.7837,0.7764
triangular_kernel,0.701,0.7655,0.7837,0.7764
triangular_kernel,0.706,0.7655,0.7848,0.7766
triangular_kernel,0.711,0.7655,0.7848,0.7772
triangular_kernel,0.716,0.7666,0.7848,0.7777
triangular_kernel,0.721,0.7666,0.7859,0.7779
triangular_kernel,0.726,0.7666,0.7859,0.7779
triangular_kernel,0.731,0.7676,0.7859,0.7783
triangular_kernel,0.736,0.7687,0.7859,0.7792
triangular_kernel,0.741,0.7687,0.7859,0.7792
triangular_kernel,0.746,0.7687,0.7859,0.7792
triangular_kernel,0.751,0.7687,0.7870,0.7796
triangular_kernel,0.756,0.7687,0.7870,0.7796
triangular_kernel,0.761,0.7687,0.7870,0.7796
triangular_kernel,0.766,0.7698,0.7880,0.7803
triangular_kernel,0.771,0.7698,0.7902,0.7809
triangular_kernel,0.776,0.7698,0.7902,0.7809
triangular_kernel,0.781,0.7709,0.7913,0.7811
triangular_kernel,0.786,0.7709,0.7913,0.7811
triangular_kernel,0.791,0.7709,0.7913,0.7811
triangular_kernel,0.796,0.7709,0.7924,0.7816
triangular_kernel,0.801,0.7709,0.7935,0.7820
triangular_kernel,0.806,0.7709,0.7935,0.7824
triangular_kernel,0.811,0.7709,0.7935,0.7824
triangular_kernel,0.816,0.7709,0.7935,0.7829
triangular_kernel,0.821,0.7709,0.7946,0.7831
triangular_kernel,0.826,0.7709,0.7946,0.7831
triangular_kernel,0.831,0.7709,0.7946,0.7831
triangular_kernel,0.836,0.7709,0.7946,0.7831
triangular_kernel,0.841,0.7720,0.7946,0.7833
triangular_kernel,0.846,0.7731,0.7946,0.7840
triangular_kernel,0.851,0.7731,0.7946,0.7840
triangular_kernel,0.856,0.7731,0.7957,0.7842
triangular_kernel,0.861,0.7731,0.7967,0.7844
triangular_kernel,0.866,0.7731,0.7967,0.7846
triangular_kernel,0.871,0.7731,0.7967,0.7846
triangular_kernel,0.876,0.7731,0.7967,0.7850
triangular_kernel,0.881,0.7731,0.7967,0.7850
triangular_kernel,0.886,0.7720,0.7967,0.7850
triangular_kernel,0.891,0.7720,0.7967,0.7855
triangular_kernel,0.896,0.7720,0.7967,0.7855
triangular_kernel,0.901,0.7720,0.7967,0.7855
triangular_kernel,0.906,0.7731,0.7967,0.7857
triangular_kernel,0.911,0.7731,0.7967,0.7857
triangular_kernel,0.916,0.7731,0.7978,0.7859
triangular_kernel,0.921,0.7731,0.7978,0.7859
triangular_kernel,0.926,0.7731,0.7978,0.7859
triangular_kernel,0.931,0.7742,0.7978,0.7866
triangular_kernel,0.936,0.7752,0.7978,0.7870
triangular_kernel,0.941,0.7752,0.7978,0.7879
triangular_kernel,0.946,0.7752,0.7978,0.7879
triangular_kernel,0.951,0.7752,0.7989,0.7881
triangular_kernel,0.956,0.7785,0.8000,0.7890
triangular_kernel,0.961,0.7785,0.8011,0.7894
triangular_kernel,0.966,0.7785,0.8011,0.7894
triangular_kernel,0.971,0.7785,0.8011,0.7894
triangular_kernel,0.976,0.7785,0.8011,0.7894
triangular_kernel,0.981,0.7785,0.8011,0.7896
triangular_kernel,0.986,0.7774,0.8011,0.7898
triangular_kernel,0.991,0.7774,0.8011,0.7903
triangular_kernel,0.996,0.7785,0.8011,0.7905
triangular_kernel,1.001,0.7785,0.8011,0.7905
triangular_kernel,1.006,0.7785,0.8011,0.7905
triangular_kernel,1.011,0.7785,0.8022,0.7909
triangular_kernel,1.016,0.7774,0.8022,0.7907
triangular_kernel,1.021,0.7774,0.8022,0.7905
triangular_kernel,1.026,0.7774,0.8022,0.7905
triangular_kernel,1.031,0.7774,0.8022,0.7905
triangular_kernel,1.036,0.7774,0.8022,0.7907
triangular_kernel,1.041,0.7774,0.8033,0.7916
triangular_kernel,1.046,0.7774,0.8033,0.7922
triangular_kernel,1.051,0.7774,0.8033,0.7922
triangular_kernel,1.056,0.7774,0.8043,0.7927
triangular_kernel,1.061,0.7774,0.8054,0.7929
triangular_kernel,1.066,0.7785,0.8054,0.7933
triangular_kernel,1.071,0.7785,0.8054,0.7935
triangular_kernel,1.076,0.7785,0.8054,0.7937
triangular_kernel,1.081,0.7785,0.8054,0.7937
triangular_kernel,1.086,0.7785,0.8054,0.7937
triangular_kernel,1.091,0.7796,0.8054,0.7940
triangular_kernel,1.096,0.7796,0.8054,0.7940
triangular_kernel,1.101,0.7796,0.8054,0.7942
triangular_kernel,1.106,0.7796,0.8054,0.7942
triangular_kernel,1.111,0.7796,0.8054,0.7946
triangular_kernel,1.116,0.7796,0.8065,0.7950
triangular_kernel,1.121,0.7796,0.8054,0.7946
triangular_kernel,1.126,0.7807,0.8054,0.7948
triangular_kernel,1.131,0.7807,0.8065,0.7955
triangular_kernel,1.136,0.7818,0.8065,0.7959
triangular_kernel,1.141,0.7818,0.8065,0.7959
triangular_kernel,1.146,0.7807,0.8065,0.7957
triangular_kernel,1.151,0.7818,0.8065,0.7959
triangular_kernel,1.156,0.7818,0.8065,0.7957
triangular_kernel,1.161,0.7818,0.8076,0.7961
triangular_kernel,1.166,0.7818,0.8076,0.7961
triangular_kernel,1.171,0.7818,0.8087,0.7966
triangular_kernel,1.176,0.7818,0.8087,0.7966
triangular_kernel,1.181,0.7828,0.8087,0.7966
triangular_kernel,1.186,0.7828,0.8087,0.7966
triangular_kernel,1.191,0.7839,0.8087,0.7970
triangular_kernel,1.196,0.7839,0.8087,0.7970
triangular_kernel,1.201,0.7839,0.8087,0.7972
triangular_kernel,1.206,0.7839,0.8087,0.7972
triangular_kernel,1.211,0.7839,0.8087,0.7972
triangular_kernel,1.216,0.7839,0.8087,0.7972
triangular_kernel,1.221,0.7850,0.8098,0.7979
triangular_kernel,1.226,0.7850,0.8098,0.7979
triangular_kernel,1.231,0.7850,0.8098,0.7979
triangular_kernel,1.236,0.7839,0.8098,0.7985
triangular_kernel,1.241,0.7850,0.8098,0.7987
triangular_kernel,1.246,0.7850,0.8098,0.7990
triangular_kernel,1.251,0.7850,0.8098,0.7990
triangular_kernel,1.256,0.7850,0.8098,0.7992
triangular_kernel,1.261,0.7850,0.8098,0.7994
triangular_kernel,1.266,0.7850,0.8098,0.7994
triangular_kernel,1.271,0.7850,0.8098,0.7994
triangular_kernel,1.276,0.7850,0.8098,0.7998
triangular_kernel,1.281,0.7850,0.8098,0.7998
triangular_kernel,1.286,0.7850,0.8098,0.8000
triangular_kernel,1.291,0.7850,0.8109,0.8007
triangular_kernel,1.296,0.7850,0.8109,0.8014
triangular_kernel,1.301,0.7861,0.8109,0.8018
triangular_kernel,1.306,0.7872,0.8109,0.8020
triangular_kernel,1.311,0.7872,0.8098,0.8020
triangular_kernel,1.316,0.7894,0.8109,0.8027
triangular_kernel,1.321,0.7894,0.8109,0.8027
triangular_kernel,1.326,0.7872,0.8109,0.8022
triangular_kernel,1.331,0.7872,0.8152,0.8029
triangular_kernel,1.336,0.7872,0.8152,0.8027
triangular_kernel,1.341,0.7872,0.8152,0.8033
triangular_kernel,1.346,0.7872,0.8152,0.8035
triangular_kernel,1.351,0.7872,0.8152,0.8035
triangular_kernel,1.356,0.7883,0.8141,0.8040
triangular_kernel,1.361,0.7883,0.8130,0.8040
triangular_kernel,1.366,0.7883,0.8130,0.8040
triangular_kernel,1.371,0.7883,0.8130,0.8040
triangular_kernel,1.376,0.7883,0.8130,0.8037
triangular_kernel,1.381,0.7883,0.8141,0.8044
triangular_kernel,1.386,0.7883,0.8141,0.8044
triangular_kernel,1.391,0.7883,0.8152,0.8046
triangular_kernel,1.396,0.7883,0.8163,0.8048
triangular_kernel,1.401,0.7872,0.8163,0.8050
triangular_kernel,1.406,0.7872,0.8163,0.8050
triangular_kernel,1.411,0.7883,0.8174,0.8055
triangular_kernel,1.416,0.7883,0.8174,0.8055
triangular_kernel,1.421,0.7883,0.8174,0.8055
triangular_kernel,1.426,0.7872,0.8185,0.8057
triangular_kernel,1.431,0.7883,0.8185,0.8059
triangular_kernel,1.436,0.7883,0.8185,0.8059
triangular_kernel,1.441,0.7883,0.8185,0.8059
triangular_kernel,1.446,0.7883,0.8185,0.8059
triangular_kernel,1.451,0.7883,0.8185,0.8059
triangular_kernel,1.456,0.7883,0.8185,0.8061
triangular_kernel,1.461,0.7883,0.8185,0.8061
triangular_kernel,1.466,0.7883,0.8185,0.8064
triangular_kernel,1.471,0.7894,0.8185,0.8066
triangular_kernel,1.476,0.7904,0.8185,0.8074
triangular_kernel,1.481,0.7904,0.8196,0.8081
triangular_kernel,1.486,0.7904,0.8196,0.8081
triangular_kernel,1.491,0.7904,0.8196,0.8087
triangular_kernel,1.496,0.7904,0.8196,0.8087
triangular_kernel,1.501,0.7915,0.8196,0.8092
triangular_kernel,1.506,0.7915,0.8207,0.8094
triangular_kernel,1.511,0.7915,0.8207,0.8094
triangular_kernel,1.516,0.7915,0.8207,0.8096
triangular_kernel,1.521,0.7937,0.8207,0.8105
triangular_kernel,1.526,0.7937,0.8217,0.8107
triangular_kernel,1.531,0.7937,0.8217,0.8105
triangular_kernel,1.536,0.7948,0.8217,0.8109
triangular_kernel,1.541,0.7948,0.8228,0.8113
triangular_kernel,1.546,0.7959,0.8228,0.8118
triangular_kernel,1.551,0.7959,0.8228,0.8118
triangular_kernel,1.556,0.7959,0.8239,0.8120
triangular_kernel,1.561,0.7959,0.8239,0.8118
triangular_kernel,1.566,0.7959,0.8239,0.8118
triangular_kernel,1.571,0.7959,0.8239,0.8118
triangular_kernel,1.576,0.7948,0.8239,0.8118
triangular_kernel,1.581,0.7959,0.8239,0.8122
triangular_kernel,1.586,0.7959,0.8239,0.8122
triangular_kernel,1.591,0.7970,0.8239,0.8127
triangular_kernel,1.596,0.7970,0.8239,0.8124
triangular_kernel,1.601,0.7970,0.8239,0.8124
triangular_kernel,1.606,0.7970,0.8239,0.8124
triangular_kernel,1.611,0.7970,0.8239,0.8124
triangular_kernel,1.616,0.7970,0.8239,0.8124
triangular_kernel,1.621,0.7970,0.8239,0.8124
triangular_kernel,1.626,0.7980,0.8228,0.8124
triangular_kernel,1.631,0.7980,0.8228,0.8127
triangular_kernel,1.636,0.7970,0.8217,0.8122
triangular_kernel,1.641,0.7991,0.8217,0.8127
triangular_kernel,1.646,0.7991,0.8217,0.8129
triangular_kernel,1.651,0.7991,0.8217,0.8131
triangular_kernel,1.656,0.7991,0.8228,0.8137
triangular_kernel,1.661,0.8002,0.8228,0.8140
triangular_kernel,1.666,0.8002,0.8239,0.8142
triangular_kernel,1.671,0.8002,0.8239,0.8140
triangular_kernel,1.676,0.8002,0.8228,0.8137
triangular_kernel,1.681,0.8002,0.8228,0.8135
triangular_kernel,1.686,0.8002,0.8228,0.8142
triangular_kernel,1.691,0.8002,0.8228,0.8142
triangular_kernel,1.696,0.8002,0.8228,0.8146
triangular_kernel,1.701,0.8013,0.8228,0.8148
triangular_kernel,1.706,0.8013,0.8239,0.8153
triangular_kernel,1.711,0.8013,0.8250,0.8155
triangular_kernel,1.716,0.8013,0.8250,0.8155
triangular_kernel,1.721,0.8002,0.8239,0.8150
triangular_kernel,1.726,0.8002,0.8239,0.8153
triangular_kernel,1.731,0.8002,0.8239,0.8153
triangular_kernel,1.736,0.8002,0.8250,0.8155
triangular_kernel,1.741,0.8013,0.8250,0.8155
triangular_kernel,1.746,0.8013,0.8250,0.8153
triangular_kernel,1.751,0.8035,0.8250,0.8157
triangular_kernel,1.756,0.8035,0.8250,0.8157
triangular_kernel,1.761,0.8035,0.8239,0.8155
triangular_kernel,1.766,0.8035,0.8239,0.8157
triangular_kernel,1.771,0.8035,0.8250,0.8159
triangular_kernel,1.776,0.8035,0.8250,0.8157
triangular_kernel,1.781,0.8035,0.8250,0.8159
triangular_kernel,1.786,0.8035,0.8239,0.8159
triangular_kernel,1.791,0.8024,0.8239,0.8157
triangular_kernel,1.796,0.8024,0.8239,0.8161
triangular_kernel,1.801,0.8024,0.8239,0.8163
triangular_kernel,1.806,0.8024,0.8239,0.8170
triangular_kernel,1.811,0.8024,0.8239,0.8166
triangular_kernel,1.816,0.8035,0.8250,0.8172
triangular_kernel,1.821,0.8035,0.8250,0.8172
triangular_kernel,1.826,0.8035,0.8250,0.8174
triangular_kernel,1.831,0.8035,0.8250,0.8179
triangular_kernel,1.836,0.8035,0.8250,0.8179
triangular_kernel,1.841,0.8046,0.8250,0.8183
triangular_kernel,1.846,0.8046,0.8239,0.8181
triangular_kernel,1.851,0.8046,0.8239,0.8185
triangular_kernel,1.856,0.8046,0.8239,0.8185
triangular_kernel,1.861,0.8046,0.8239,0.8185
triangular_kernel,1.866,0.8046,0.8250,0.8187
triangular_kernel,1.871,0.8046,0.8250,0.8185
triangular_kernel,1.876,0.8046,0.8250,0.8190
triangular_kernel,1.881,0.8046,0.8261,0.8194
triangular_kernel,1.886,0.8046,0.8261,0.8192
triangular_kernel,1.891,0.8067,0.8272,0.8203
triangular_kernel,1.896,0.8067,0.8283,0.8207
triangular_kernel,1.901,0.8067,0.8283,0.8205
triangular_kernel,1.906,0.8067,0.8283,0.8207
triangular_kernel,1.911,0.8067,0.8283,0.8207
triangular_kernel,1.916,0.8078,0.8283,0.8207
triangular_kernel,1.921,0.8078,0.8283,0.8203
triangular_kernel,1.926,0.8078,0.8283,0.8203
triangular_kernel,1.931,0.8078,0.8283,0.8200
triangular_kernel,1.936,0.8078,0.8293,0.8207
triangular_kernel,1.941,0.8078,0.8293,0.8207
triangular_kernel,1.946,0.8078,0.8293,0.8205
triangular_kernel,1.951,0.8078,0.8293,0.8200
triangular_kernel,1.956,0.8078,0.8293,0.8203
triangular_kernel,1.961,0.8078,0.8283,0.8200
triangular_kernel,1.966,0.8078,0.8283,0.8203
triangular_kernel,1.971,0.8078,0.8283,0.8203
triangular_kernel,1.976,0.8078,0.8283,0.8203
triangular_kernel,1.981,0.8078,0.8283,0.8200
triangular_kernel,1.986,0.8089,0.8293,0.8207
triangular_kernel,1.991,0.8089,0.8293,0.8207
triangular_kernel,1.996,0.8089,0.8293,0.8213
triangular_kernel,2.001,0.8089,0.8293,0.8213
uniform_kernel,0.001,0.6370,0.6609,0.6518
uniform_kernel,0.006,0.6533,0.6739,0.6655
uniform_kernel,0.011,0.6576,0.6815,0.6733
uniform_kernel,0.016,0.6630,0.6891,0.6792
uniform_kernel,0.021,0.6728,0.6935,0.6855
uniform_kernel,0.026,0.6750,0.6946,0.6879
uniform_kernel,0.031,0.6761,0.7011,0.6909
uniform_kernel,0.036,0.6804,0.7022,0.6931
uniform_kernel,0.041,0.6804,0.7076,0.6964
uniform_kernel,0.046,0.6859,0.7152,0.7016
uniform_kernel,0.051,0.6913,0.7174,0.7048
uniform_kernel,0.056,0.6946,0.7196,0.7068
uniform_kernel,0.061,0.6957,0.7196,0.7075
uniform_kernel,0.066,0.6957,0.7207,0.7092
uniform_kernel,0.071,0.6978,0.7228,0.7116
uniform_kernel,0.076,0.7000,0.7250,0.7131
uniform_kernel,0.081,0.7022,0.7293,0.7168
uniform_kernel,0.086,0.7043,0.7304,0.7183
uniform_kernel,0.091,0.7076,0.7326,0.7209
uniform_kernel,0.096,0.7076,0.7337,0.7216
uniform_kernel,0.101,0.7076,0.7337,0.7216
uniform_kernel,0.106,0.7076,0.7348,0.7227
uniform_kernel,0.111,0.7098,0.7348,0.7235
uniform_kernel,0.116,0.7130,0.7380,0.7253
uniform_kernel,0.121,0.7163,0.7402,0.7279
uniform_kernel,0.126,0.7185,0.7435,0.7296
uniform_kernel,0.131,0.7217,0.7446,0.7311
uniform_kernel,0.136,0.7217,0.7446,0.7311
uniform_kernel,0.141,0.7228,0.7446,0.7322
uniform_kernel,0.146,0.7228,0.7457,0.7325
uniform_kernel,0.151,0.7228,0.7457,0.7329
uniform_kernel,0.156,0.7228,0.7457,0.7335
uniform_kernel,0.161,0.7228,0.7467,0.7344
uniform_kernel,0.166,0.7239,0.7511,0.7355
uniform_kernel,0.171,0.7261,0.7511,0.7361
uniform_kernel,0.176,0.7261,0.7511,0.7364
uniform_kernel,0.181,0.7272,0.7522,0.7374
uniform_kernel,0.186,0.7283,0.7522,0.7377
uniform_kernel,0.191,0.7304,0.7533,0.7385
uniform_kernel,0.196,0.7304,0.7533,0.7392
uniform_kernel,0.201,0.7326,0.7533,0.7401
uniform_kernel,0.206,0.7326,0.7533,0.7403
uniform_kernel,0.211,0.7326,0.7543,0.7407
uniform_kernel,0.216,0.7337,0.7543,0.7414
uniform_kernel,0.221,0.7340,0.7543,0.7418
uniform_kernel,0.226,0.7340,0.7554,0.7420
uniform_kernel,0.231,0.7348,0.7554,0.7427
uniform_kernel,0.236,0.7348,0.7554,0.7429
uniform_kernel,0.241,0.7359,0.7554,0.7431
uniform_kernel,0.246,0.7359,0.7576,0.7438
uniform_kernel,0.251,0.7370,0.7576,0.7446
uniform_kernel,0.256,0.7370,0.7576,0.7446
uniform_kernel,0.261,0.7370,0.7576,0.7448
uniform_kernel,0.266,0.7380,0.7565,0.7453
uniform_kernel,0.271,0.7391,0.7565,0.7461
uniform_kernel,0.276,0.7391,0.7565,0.7464
uniform_kernel,0.281,0.7391,0.7565,0.7464
uniform_kernel,0.286,0.7391,0.7576,0.7468
uniform_kernel,0.291,0.7391,0.7576,0.7470
uniform_kernel,0.296,0.7402,0.7587,0.7485
uniform_kernel,0.301,0.7413,0.7587,0.7494
uniform_kernel,0.306,0.7435,0.7609,0.7514
uniform_kernel,0.311,0.7446,0.7609,0.7518
uniform_kernel,0.316,0.7448,0.7620,0.7524
uniform_kernel,0.321,0.7448,0.7620,0.7527
uniform_kernel,0.326,0.7448,0.7620,0.7527
uniform_kernel,0.331,0.7448,0.7620,0.7527
uniform_kernel,0.336,0.7448,0.7641,0.7531
uniform_kernel,0.341,0.7448,0.7641,0.7533
uniform_kernel,0.346,0.7448,0.7641,0.7533
uniform_kernel,0.351,0.7448,0.7641,0.7533
uniform_kernel,0.356,0.7448,0.7641,0.7533
uniform_kernel,0.361,0.7448,0.7641,0.7542
uniform_kernel,0.366,0.7448,0.7641,0.7542
uniform_kernel,0.371,0.7459,0.7663,0.7551
uniform_kernel,0.376,0.7470,0.7663,0.7559
uniform_kernel,0.381,0.7470,0.7663,0.7559
uniform_kernel,0.386,0.7470,0.7663,0.7559
uniform_kernel,0.391,0.7470,0.7663,0.7559
uniform_kernel,0.396,0.7470,0.7663,0.7559
uniform_kernel,0.401,0.7470,0.7663,0.7559
uniform_kernel,0.406,0.7470,0.7663,0.7559
uniform_kernel,0.411,0.7492,0.7674,0.7577
uniform_kernel,0.416,0.7492,0.7674,0.7579
uniform_kernel,0.421,0.7492,0.7674,0.7577
uniform_kernel,0.426,0.7503,0.7674,0.7581
uniform_kernel,0.431,0.7503,0.7674,0.7581
uniform_kernel,0.436,0.7524,0.7696,0.7598
uniform_kernel,0.441,0.7524,0.7696,0.7603
uniform_kernel,0.446,0.7535,0.7696,0.7607
uniform_kernel,0.451,0.7535,0.7696,0.7607
uniform_kernel,0.456,0.7535,0.7696,0.7609
uniform_kernel,0.461,0.7535,0.7696,0.7609
uniform_kernel,0.466,0.7535,0.7696,0.7614
uniform_kernel,0.471,0.7535,0.7717,0.7622
uniform_kernel,0.476,0.7524,0.7717,0.7620
uniform_kernel,0.481,0.7546,0.7707,0.7622
uniform_kernel,0.486,0.7546,0.7707,0.7622
uniform_kernel,0.491,0.7546,0.7707,0.7627
uniform_kernel,0.496,0.7546,0.7707,0.7633
uniform_kernel,0.501,0.7546,0.7717,0.7637
uniform_kernel,0.506,0.7546,0.7728,0.7642
uniform_kernel,0.511,0.7546,0.7739,0.7646
uniform_kernel,0.516,0.7546,0.7750,0.7651
uniform_kernel,0.521,0.7557,0.7750,0.7655
uniform_kernel,0.526,0.7557,0.7750,0.7659
uniform_kernel,0.531,0.7568,0.7750,0.7664
uniform_kernel,0.536,0.7579,0.7750,0.7666
uniform_kernel,0.541,0.7579,0.7750,0.7666
uniform_kernel,0.546,0.7579,0.7750,0.7668
uniform_kernel,0.551,0.7579,0.7750,0.7672
uniform_kernel,0.556,0.7579,0.7750,0.7672
uniform_kernel,0.561,0.7590,0.7750,0.7674
uniform_kernel,0.566,0.7590,0.7750,0.7674
uniform_kernel,0.571,0.7600,0.7772,0.7685
uniform_kernel,0.576,0.7600,0.7772,0.7685
uniform_kernel,0.581,0.7611,0.7772,0.7692
uniform_kernel,0.586,0.7622,0.7772,0.7692
uniform_kernel,0.591,0.7622,0.7783,0.7698
uniform_kernel,0.596,0.7622,0.7793,0.7703
uniform_kernel,0.601,0.7622,0.7793,0.7703
uniform_kernel,0.606,0.7622,0.7793,0.7703
uniform_kernel,0.611,0.7622,0.7793,0.7709
uniform_kernel,0.616,0.7622,0.7793,0.7711
uniform_kernel,0.621,0.7622,0.7793,0.7722
uniform_kernel,0.626,0.7633,0.7804,0.7729
uniform_kernel,0.631,0.7633,0.7804,0.7729
uniform_kernel,0.636,0.7633,0.7804,0.7731
uniform_kernel,0.641,0.7633,0.7793,0.7729
uniform_kernel,0.646,0.7633,0.7804,0.7731
uniform_kernel,0.651,0.7644,0.7804,0.7740
uniform_kernel,0.656,0.7644,0.7826,0.7748
uniform_kernel,0.661,0.7644,0.7826,0.7746
uniform_kernel,0.666,0.7644,0.7826,0.7746
uniform_kernel,0.671,0.7655,0.7826,0.7753
uniform_kernel,0.676,0.7655,0.7826,0.7757
uniform_kernel,0.681,0.7655,0.7837,0.7755
uniform_kernel,0.686,0.7655,0.7837,0.7755
uniform_kernel,0.691,0.7655,0.7837,0.7757
uniform_kernel,0.696,0.7655,0.7837,0.7759
uniform_kernel,0.701,0.7655,0.7826,0.7757
uniform_kernel,0.706,0.7655,0.7826,0.7755
uniform_kernel,0.711,0.7655,0.7826,0.7761
uniform_kernel,0.716,0.7666,0.7826,0.7768
uniform_kernel,0.721,0.7666,0.7837,0.7770
uniform_kernel,0.726,0.7666,0.7837,0.7770
uniform_kernel,0.731,0.7676,0.7837,0.7774
uniform_kernel,0.736,0.7687,0.7859,0.7783
uniform_kernel,0.741,0.7687,0.7859,0.7781
uniform_kernel,0.746,0.7687,0.7859,0.7781
uniform_kernel,0.751,0.7687,0.7870,0.7785
uniform_kernel,0.756,0.7687,0.7870,0.7785
uniform_kernel,0.761,0.7687,0.7870,0.7781
uniform_kernel,0.766,0.7698,0.7859,0.7785
uniform_kernel,0.771,0.7698,0.7891,0.7792
uniform_kernel,0.776,0.7698,0.7891,0.7792
uniform_kernel,0.781,0.7709,0.7902,0.7796
uniform_kernel,0.786,0.7709,0.7902,0.7798
uniform_kernel,0.791,0.7709,0.7902,0.7800
uniform_kernel,0.796,0.7709,0.7913,0.7805
uniform_kernel,0.801,0.7709,0.7924,0.7809
uniform_kernel,0.806,0.7709,0.7924,0.7814
uniform_kernel,0.811,0.7709,0.7924,0.7816
uniform_kernel,0.816,0.7709,0.7924,0.7820
uniform_kernel,0.821,0.7709,0.7935,0.7822
uniform_kernel,0.826,0.7709,0.7935,0.7822
uniform_kernel,0.831,0.7709,0.7935,0.7822
uniform_kernel,0.836,0.7709,0.7935,0.7822
uniform_kernel,0.841,0.7720,0.7935,0.7824
uniform_kernel,0.846,0.7731,0.7935,0.7831
uniform_kernel,0.851,0.7731,0.7935,0.7831
uniform_kernel,0.856,0.7731,0.7946,0.7833
uniform_kernel,0.861,0.7731,0.7957,0.7835
uniform_kernel,0.866,0.7731,0.7957,0.7837
uniform_kernel,0.871,0.7731,0.7957,0.7837
uniform_kernel,0.876,0.7731,0.7967,0.7844
uniform_kernel,0.881,0.7731,0.7967,0.7844
uniform_kernel,0.886,0.7720,0.7967,0.7844
uniform_kernel,0.891,0.7720,0.7967,0.7848
uniform_kernel,0.896,0.7720,0.7967,0.7848
uniform_kernel,0.901,0.7720,0.7957,0.7846
uniform_kernel,0.906,0.7731,0.7957,0.7850
uniform_kernel,0.911,0.7731,0.7957,0.7850
uniform_kernel,0.916,0.7731,0.7967,0.7853
uniform_kernel,0.921,0.7731,0.7967,0.7853
uniform_kernel,0.926,0.7731,0.7967,0.7853
uniform_kernel,0.931,0.7742,0.7967,0.7861
uniform_kernel,0.936,0.7752,0.7967,0.7864
uniform_kernel,0.941,0.7742,0.7967,0.7868
uniform_kernel,0.946,0.7742,0.7967,0.7868
uniform_kernel,0.951,0.7742,0.7978,0.7870
uniform_kernel,0.956,0.7774,0.7989,0.7879
uniform_kernel,0.961,0.7774,0.8000,0.7883
uniform_kernel,0.966,0.7774,0.8011,0.7887
uniform_kernel,0.971,0.7774,0.8011,0.7887
uniform_kernel,0.976,0.7774,0.8011,0.7887
uniform_kernel,0.981,0.7774,0.8011,0.7890
uniform_kernel,0.986,0.7763,0.8011,0.7894
uniform_kernel,0.991,0.7763,0.8011,0.7898
uniform_kernel,0.996,0.7774,0.8011,0.7900
uniform_kernel,1.001,0.7774,0.8011,0.7900
uniform_kernel,1.006,0.7774,0.8011,0.7900
uniform_kernel,1.011,0.7774,0.8022,0.7905
uniform_kernel,1.016,0.7763,0.8022,0.7903
uniform_kernel,1.021,0.7763,0.8022,0.7905
uniform_kernel,1.026,0.7763,0.8022,0.7905
uniform_kernel,1.031,0.7763,0.8022,0.7905
uniform_kernel,1.036,0.7774,0.8022,0.7909
uniform_kernel,1.041,0.7774,0.8033,0.7918
uniform_kernel,1.046,0.7774,0.8033,0.7927
uniform_kernel,1.051,0.7774,0.8033,0.7924
uniform_kernel,1.056,0.7774,0.8043,0.7931
uniform_kernel,1.061,0.7774,0.8054,0.7933
uniform_kernel,1.066,0.7807,0.8054,0.7942
uniform_kernel,1.071,0.7807,0.8065,0.7944
uniform_kernel,1.076,0.7807,0.8065,0.7946
uniform_kernel,1.081,0.7807,0.8065,0.7946
uniform_kernel,1.086,0.7807,0.8065,0.7946
uniform_kernel,1.091,0.7818,0.8076,0.7950
uniform_kernel,1.096,0.7818,0.8076,0.7950
uniform_kernel,1.101,0.7818,0.8076,0.7953
uniform_kernel,1.106,0.7818,0.8076,0.7953
uniform_kernel,1.111,0.7818,0.8076,0.7955
uniform_kernel,1.116,0.7818,0.8087,0.7959
uniform_kernel,1.121,0.7818,0.8076,0.7953
uniform_kernel,1.126,0.7828,0.8076,0.7957
uniform_kernel,1.131,0.7828,0.8076,0.7959
uniform_kernel,1.136,0.7839,0.8076,0.7964
uniform_kernel,1.141,0.7839,0.8076,0.7964
uniform_kernel,1.146,0.7828,0.8076,0.7961
uniform_kernel,1.151,0.7839,0.8076,0.7964
uniform_kernel,1.156,0.7839,0.8076,0.7961
uniform_kernel,1.161,0.7839,0.8087,0.7964
uniform_kernel,1.166,0.7839,0.8087,0.7964
uniform_kernel,1.171,0.7839,0.8109,0.7970
uniform_kernel,1.176,0.7839,0.8109,0.7970
uniform_kernel,1.181,0.7850,0.8109,0.7972
uniform_kernel,1.186,0.7850,0.8109,0.7972
uniform_kernel,1.191,0.7861,0.8109,0.7977
uniform_kernel,1.196,0.7861,0.8109,0.7977
uniform_kernel,1.201,0.7861,0.8109,0.7979
uniform_kernel,1.206,0.7861,0.8109,0.7979
uniform_kernel,1.211,0.7861,0.8109,0.7979
uniform_kernel,1.216,0.7861,0.8109,0.7979
uniform_kernel,1.221,0.7872,0.8120,0.7985
uniform_kernel,1.226,0.7872,0.8120,0.7985
uniform_kernel,1.231,0.7872,0.8120,0.7985
uniform_kernel,1.236,0.7861,0.8120,0.7992
uniform_kernel,1.241,0.7872,0.8120,0.7994
uniform_kernel,1.246,0.7872,0.8120,0.7996
uniform_kernel,1.251,0.7872,0.8120,0.7996
uniform_kernel,1.256,0.7872,0.8120,0.7998
uniform_kernel,1.261,0.7872,0.8120,0.8000
uniform_kernel,1.266,0.7872,0.8120,0.7998
uniform_kernel,1.271,0.7872,0.8120,0.7998
uniform_kernel,1.276,0.7872,0.8120,0.8003
uniform_kernel,1.281,0.7883,0.8120,0.8005
uniform_kernel,1.286,0.7883,0.8120,0.8005
uniform_kernel,1.291,0.7883,0.8130,0.8011
uniform_kernel,1.296,0.7883,0.8130,0.8018
uniform_kernel,1.301,0.7904,0.8130,0.8022
uniform_kernel,1.306,0.7915,0.8130,0.8024
uniform_kernel,1.311,0.7894,0.8120,0.8018
uniform_kernel,1.316,0.7904,0.8120,0.8022
uniform_kernel,1.321,0.7904,0.8120,0.8020
uniform_kernel,1.326,0.7894,0.8120,0.8018
uniform_kernel,1.331,0.7894,0.8120,0.8024
uniform_kernel,1.336,0.7894,0.8120,0.8024
uniform_kernel,1.341,0.7894,0.8120,0.8031
uniform_kernel,1.346,0.7894,0.8130,0.8035
uniform_kernel,1.351,0.7904,0.8130,0.8037
uniform_kernel,1.356,0.7915,0.8130,0.8044
uniform_kernel,1.361,0.7915,0.8130,0.8048
uniform_kernel,1.366,0.7915,0.8130,0.8048
uniform_kernel,1.371,0.7915,0.8130,0.8044
uniform_kernel,1.376,0.7915,0.8109,0.8040
uniform_kernel,1.381,0.7915,0.8120,0.8044
uniform_kernel,1.386,0.7915,0.8130,0.8048
uniform_kernel,1.391,0.7915,0.8141,0.8050
uniform_kernel,1.396,0.7904,0.8152,0.8048
uniform_kernel,1.401,0.7894,0.8141,0.8048
uniform_kernel,1.406,0.7894,0.8141,0.8055
uniform_kernel,1.411,0.7894,0.8152,0.8059
uniform_kernel,1.416,0.7904,0.8152,0.8061
uniform_kernel,1.421,0.7904,0.8152,0.8063
uniform_kernel,1.426,0.7894,0.8163,0.8064
uniform_kernel,1.431,0.7904,0.8163,0.8061
uniform_kernel,1.436,0.7915,0.8163,0.8063
uniform_kernel,1.441,0.7915,0.8152,0.8066
uniform_kernel,1.446,0.7915,0.8152,0.8066
uniform_kernel,1.451,0.7915,0.8152,0.8068
uniform_kernel,1.456,0.7915,0.8152,0.8070
uniform_kernel,1.461,0.7915,0.8152,0.8070
uniform_kernel,1.466,0.7915,0.8152,0.8068
uniform_kernel,1.471,0.7915,0.8152,0.8063
uniform_kernel,1.476,0.7915,0.8152,0.8072
uniform_kernel,1.481,0.7915,0.8163,0.8077
uniform_kernel,1.486,0.7915,0.8163,0.8079
uniform_kernel,1.491,0.7915,0.8174,0.8083
uniform_kernel,1.496,0.7915,0.8174,0.8081
uniform_kernel,1.501,0.7915,0.8174,0.8083
uniform_kernel,1.506,0.7926,0.8185,0.8085
uniform_kernel,1.511,0.7926,0.8185,0.8085
uniform_kernel,1.516,0.7926,0.8174,0.8087
uniform_kernel,1.521,0.7926,0.8185,0.8090
uniform_kernel,1.526,0.7926,0.8185,0.8090
uniform_kernel,1.531,0.7926,0.8185,0.8090
uniform_kernel,1.536,0.7926,0.8185,0.8090
uniform_kernel,1.541,0.7937,0.8207,0.8100
uniform_kernel,1.546,0.7948,0.8207,0.8105
uniform_kernel,1.551,0.7948,0.8207,0.8109
uniform_kernel,1.556,0.7959,0.8207,0.8116
uniform_kernel,1.561,0.7959,0.8196,0.8116
uniform_kernel,1.566,0.7959,0.8196,0.8113
uniform_kernel,1.571,0.7959,0.8196,0.8113
uniform_kernel,1.576,0.7948,0.8207,0.8113
uniform_kernel,1.581,0.7970,0.8217,0.8118
uniform_kernel,1.586,0.7970,0.8217,0.8118
uniform_kernel,1.591,0.7980,0.8228,0.8120
uniform_kernel,1.596,0.7980,0.8217,0.8113
uniform_kernel,1.601,0.7980,0.8217,0.8113
uniform_kernel,1.606,0.7980,0.8217,0.8111
uniform_kernel,1.611,0.7980,0.8217,0.8111
uniform_kernel,1.616,0.7980,0.8217,0.8111
uniform_kernel,1.621,0.7980,0.8217,0.8113
uniform_kernel,1.626,0.7980,0.8207,0.8109
uniform_kernel,1.631,0.7980,0.8207,0.8111
uniform_kernel,1.636,0.7991,0.8207,0.8109
uniform_kernel,1.641,0.7991,0.8196,0.8111
uniform_kernel,1.646,0.7991,0.8196,0.8113
uniform_kernel,1.651,0.7991,0.8196,0.8116
uniform_kernel,1.656,0.7991,0.8207,0.8122
uniform_kernel,1.661,0.7980,0.8207,0.8120
uniform_kernel,1.666,0.7991,0.8207,0.8122
uniform_kernel,1.671,0.7991,0.8207,0.8122
uniform_kernel,1.676,0.7980,0.8207,0.8118
uniform_kernel,1.681,0.7980,0.8207,0.8118
uniform_kernel,1.686,0.7980,0.8207,0.8118
uniform_kernel,1.691,0.7980,0.8207,0.8118
uniform_kernel,1.696,0.7980,0.8207,0.8124
uniform_kernel,1.701,0.7991,0.8217,0.8131
uniform_kernel,1.706,0.7991,0.8207,0.8124
uniform_kernel,1.711,0.7991,0.8207,0.8122
uniform_kernel,1.716,0.7980,0.8217,0.8124
uniform_kernel,1.721,0.7991,0.8207,0.8124
uniform_kernel,1.726,0.7991,0.8207,0.8127
uniform_kernel,1.731,0.8002,0.8207,0.8129
uniform_kernel,1.736,0.8002,0.8207,0.8129
uniform_kernel,1.741,0.8013,0.8217,0.8131
uniform_kernel,1.746,0.8013,0.8207,0.8129
uniform_kernel,1.751,0.8013,0.8207,0.8131
uniform_kernel,1.756,0.8013,0.8196,0.8127
uniform_kernel,1.761,0.8013,0.8207,0.8127
uniform_kernel,1.766,0.8013,0.8196,0.8131
uniform_kernel,1.771,0.8013,0.8196,0.8129
uniform_kernel,1.776,0.8013,0.8196,0.8127
uniform_kernel,1.781,0.8024,0.8196,0.8127
uniform_kernel,1.786,0.8024,0.8196,0.8124
uniform_kernel,1.791,0.8035,0.8185,0.8127
uniform_kernel,1.796,0.8035,0.8196,0.8133
uniform_kernel,1.801,0.8035,0.8196,0.8135
uniform_kernel,1.806,0.8035,0.8196,0.8137
uniform_kernel,1.811,0.8035,0.8196,0.8133
uniform_kernel,1.816,0.8046,0.8207,0.8142
uniform_kernel,1.821,0.8046,0.8207,0.8137
uniform_kernel,1.826,0.8046,0.8207,0.8137
uniform_kernel,1.831,0.8046,0.8207,0.8148
uniform_kernel,1.836,0.8056,0.8207,0.8146
uniform_kernel,1.841,0.8067,0.8207,0.8153
uniform_kernel,1.846,0.8067,0.8207,0.8153
uniform_kernel,1.851,0.8056,0.8207,0.8153
uniform_kernel,1.856,0.8056,0.8217,0.8155
uniform_kernel,1.861,0.8067,0.8217,0.8155
uniform_kernel,1.866,0.8067,0.8207,0.8153
uniform_kernel,1.871,0.8067,0.8207,0.8150
uniform_kernel,1.876,0.8056,0.8207,0.8153
uniform_kernel,1.881,0.8056,0.8217,0.8155
uniform_kernel,1.886,0.8056,0.8207,0.8155
uniform_kernel,1.891,0.8056,0.8217,0.8163
uniform_kernel,1.896,0.8046,0.8217,0.8159
uniform_kernel,1.901,0.8046,0.8217,0.8163
uniform_kernel,1.906,0.8046,0.8228,0.8168
uniform_kernel,1.911,0.8046,0.8228,0.8168
uniform_kernel,1.916,0.8056,0.8217,0.8166
uniform_kernel,1.921,0.8056,0.8217,0.8166
uniform_kernel,1.926,0.8046,0.8217,0.8166
uniform_kernel,1.931,0.8046,0.8217,0.8166
uniform_kernel,1.936,0.8035,0.8239,0.8170
uniform_kernel,1.941,0.8035,0.8239,0.8170
uniform_kernel,1.946,0.8035,0.8239,0.8170
uniform_kernel,1.951,0.8046,0.8239,0.8168
uniform_kernel,1.956,0.8046,0.8228,0.8161
uniform_kernel,1.961,0.8046,0.8228,0.8161
uniform_kernel,1.966,0.8046,0.8228,0.8166
uniform_kernel,1.971,0.8046,0.8228,0.8166
uniform_kernel,1.976,0.8046,0.8228,0.8163
uniform_kernel,1.981,0.8035,0.8217,0.8157
uniform_kernel,1.986,0.8046,0.8217,0.8161
uniform_kernel,1.991,0.8046,0.8207,0.8159
uniform_kernel,1.996,0.8046,0.8207,0.8161
uniform_kernel,2.001,0.8046,0.8207,0.8163
